country_name,ccode,year,internet_poor,not_internet_poor,share_internet_poor
Afghanistan,AFG,2015,14771261,18968911,0.4377944783446865
Afghanistan,AFG,2016,10228315,24582891,0.2938224834841976
Afghanistan,AFG,2017,10601238,25246141,0.2957325834058886
Afghanistan,AFG,2018,16625926,20243638,0.4509390455498741
Afghanistan,AFG,2019,11334849,26563574,0.2990849777575178
Afghanistan,AFG,2020,12519572,26435129,0.3213879629059404
Afghanistan,AFG,2021,17460916,22593885,0.4359256709326805
Afghanistan,AFG,2022,19418944,21778303,0.4713650890313132
Afghanistan,AFG,2023,23130644,19245678,0.5458388767198814
Angola,AGO,2015,27505711,353677,0.9873049257219865
Angola,AGO,2016,19858703,9028055,0.687467350957141
Angola,AGO,2017,24233384,5583414,0.8127426694174203
Angola,AGO,2018,21000203,9683466,0.6844097751152249
Angola,AGO,2019,23493783,8027652,0.7453272035362604
Angola,AGO,2020,19008456,13355662,0.5873311919082732
Angola,AGO,2021,19139281,14099323,0.5758148266395303
Angola,AGO,2022,21627090,12516023,0.6334246675164037
Angola,AGO,2023,22137295,12931055,0.6312613795630533
Albania,ALB,2015,108264,2814617,0.03704016687644827
Albania,ALB,2016,119150,2799267,0.04082692774884467
Albania,ALB,2017,200682,2709613,0.06895589622357871
Albania,ALB,2018,78181,2821352,0.02696330753952447
Albania,ALB,2019,35477,2851762,0.01228751759033457
Albania,ALB,2020,31806,2842483,0.01106569311575837
Albania,ALB,2021,34296,2827226,0.01198523023761481
Albania,ALB,2022,31652,2817371,0.0111097734205726
Albania,ALB,2023,30241,2805832,0.0106629836397018
United Arab Emirates,ARE,2015,63983,9090001,0.006989634240129762
United Arab Emirates,ARE,2016,66680,9208479,0.007189095087210904
United Arab Emirates,ARE,2017,57952,9388794,0.006134599151919613
United Arab Emirates,ARE,2018,39609,9611036,0.004104285257617496
United Arab Emirates,ARE,2019,44205,9824690,0.00447922487775987
United Arab Emirates,ARE,2020,52926,10030577,0.00524877118596583
United Arab Emirates,ARE,2021,37144,10243089,0.0036131476786567
United Arab Emirates,ARE,2022,44637,10415746,0.004267243369578341
United Arab Emirates,ARE,2023,44154,10584933,0.004154072687522456
Argentina,ARG,2015,2354348,41056753,0.0542337776689884
Argentina,ARG,2016,1730863,42104571,0.0394854765211176
Argentina,ARG,2017,1592160,42658400,0.03598056160193227
Argentina,ARG,2018,2696836,41960337,0.06038976090134501
Argentina,ARG,2019,4480520,40575663,0.09944295547627725
Argentina,ARG,2020,1522659,43925539,0.03350317651758162
Argentina,ARG,2021,1547853,44286199,0.03377080865553846
Argentina,ARG,2022,812253,45401733,0.01757591305800802
Argentina,ARG,2023,802896,45785182,0.0172339369741761
Armenia,ARM,2015,430025,2487576,0.1473899275466385
Armenia,ARM,2016,606497,2309527,0.207987657166059
Armenia,ARM,2017,636495,2275220,0.2185979740462236
Armenia,ARM,2018,277549,2627728,0.09553271512492613
Armenia,ARM,2019,465719,2431473,0.1607484074234638
Armenia,ARM,2020,189945,2698186,0.06576744614423653
Armenia,ARM,2021,126599,2751849,0.04398168735374063
Armenia,ARM,2022,134234,2734020,0.0467998998693979
Armenia,ARM,2023,119020,2738312,0.04165424248914722
Australia,AUS,2015,108167,23690941,0.004545002274875176
Australia,AUS,2016,81899,23994884,0.003401575700541057
Australia,AUS,2017,106249,24237425,0.004364542509072378
Australia,AUS,2018,129626,24474093,0.005268553099635059
Australia,AUS,2019,130426,24730421,0.005246241208113304
Australia,AUS,2020,189614,24929427,0.007548616207123512
Australia,AUS,2021,116967,25264264,0.004608405321239148
Australia,AUS,2022,109966,25536846,0.004287706401871702
Australia,AUS,2023,110779,25803227,0.004274869736466064
Austria,AUT,2015,42480,8636465,0.004894604125270987
Austria,AUT,2016,46847,8668280,0.005375366302751526
Austria,AUT,2017,26314,8713817,0.003010710022538564
Austria,AUT,2018,36388,8721541,0.0041548635527874234
Austria,AUT,2019,33493,8738877,0.003818010412237514
Austria,AUT,2020,35439,8752066,0.004032885329794976
Austria,AUT,2021,34734,8771591,0.003944210553210334
Austria,AUT,2022,32190,8796256,0.003646168306404094
Austria,AUT,2023,32144,8820552,0.003630984278687532
Azerbaijan,AZE,2015,1148,9615861,1.193718337998852e-4
Azerbaijan,AZE,2016,289,9708130,2.976797766969061e-5
Azerbaijan,AZE,2017,289,9793028,2.950991987699367e-5
Azerbaijan,AZE,2018,292,9871592,2.95789537235243e-5
Azerbaijan,AZE,2019,299,9944127,3.006709487304747e-5
Azerbaijan,AZE,2020,302,10010744,3.016667788760535e-5
Azerbaijan,AZE,2021,301,10071862,2.988434559686931e-5
Azerbaijan,AZE,2022,146,10127818,1.441553307258991e-5
Azerbaijan,AZE,2023,139,10178477,1.36560805516192e-5
Burundi,BDI,2015,9385218,814139,0.9201774190274936
Burundi,BDI,2016,10143211,294324,0.9718013879713936
Burundi,BDI,2017,9957659,738918,0.9309201438927612
Burundi,BDI,2018,10675880,291812,0.9733934906268338
Burundi,BDI,2019,10934946,307040,0.9726880997716951
Burundi,BDI,2020,10725645,785604,0.9317533657729061
Burundi,BDI,2021,10955212,813181,0.9309012708871977
Burundi,BDI,2022,9599279,2414120,0.7990477133074495
Burundi,BDI,2023,9682576,2566618,0.7904663768081394
Belgium,BEL,2015,71690,11216113,0.006351103044587153
Belgium,BEL,2016,81680,11255628,0.007204532151724201
Belgium,BEL,2017,73534,11306176,0.006461851839809626
Belgium,BEL,2018,55498,11361801,0.004860869457828861
Belgium,BEL,2019,61187,11391262,0.005342700063540994
Belgium,BEL,2020,54129,11433411,0.004711974887573841
Belgium,BEL,2021,51535,11473035,0.004471750355978575
Belgium,BEL,2022,50628,11512596,0.004378363681270898
Belgium,BEL,2023,50804,11552161,0.004378536003512895
Benin,BEN,2015,7582886,2993249,0.7169808252258505
Benin,BEN,2016,7400067,3442087,0.6825273833963251
Benin,BEN,2017,7132947,3992368,0.6411456214947622
Benin,BEN,2018,4828323,6591480,0.4228026525501359
Benin,BEN,2019,5473799,6246526,0.4670347451969122
Benin,BEN,2020,5571821,6449176,0.4635073946029601
Benin,BEN,2021,5259456,7057824,0.4269981684267955
Benin,BEN,2022,5181836,7427517,0.410951775241759
Benin,BEN,2023,5046765,7852083,0.3912570331862194
Burkina Faso,BFA,2015,12930661,5179024,0.7140191008291972
Burkina Faso,BFA,2016,13193954,5447022,0.7077930898038816
Burkina Faso,BFA,2017,15108627,4071513,0.787722456666114
Burkina Faso,BFA,2018,15520340,4205727,0.7867934342917927
Burkina Faso,BFA,2019,17003061,3274287,0.838524889941229
Burkina Faso,BFA,2020,14785422,6047843,0.7097025838244749
Burkina Faso,BFA,2021,14798374,6594308,0.6917493561583349
Burkina Faso,BFA,2022,15080447,6874514,0.6868810652863377
Burkina Faso,BFA,2023,15229563,7291989,0.6762217364060878
Bangladesh,BGD,2015,39291218,121908973,0.2437417583456833
Bangladesh,BGD,2016,57808756,105377573,0.3542499935763614
Bangladesh,BGD,2017,55248622,109926101,0.334485937052245
Bangladesh,BGD,2018,44630235,122524514,0.2669995035558337
Bangladesh,BGD,2019,48682155,120433678,0.2878627869219081
Bangladesh,BGD,2020,42305864,128741411,0.2473343349082878
Bangladesh,BGD,2021,27557841,145382104,0.1593491948895902
Bangladesh,BGD,2022,24917252,149873269,0.1425549386628352
Bangladesh,BGD,2023,22829478,153767669,0.1292743308021845
Bulgaria,BGR,2015,156330,7022298,0.02177714181595703
Bulgaria,BGR,2016,121441,7002535,0.01704680083144581
Bulgaria,BGR,2017,291501,6771278,0.04127284741601004
Bulgaria,BGR,2018,24611,6972543,0.003517287171327085
Bulgaria,BGR,2019,813,6928558,1.173266664463484e-4
Bulgaria,BGR,2020,809,6860898,1.179006914751679e-4
Bulgaria,BGR,2021,795,6794995,1.169841916833804e-4
Bulgaria,BGR,2022,790,6730734,1.173582683505251e-4
Bulgaria,BGR,2023,778,6667498,1.166718354189299e-4
Bahrain,BHR,2015,11700,1360114,0.008528853036927747
Bahrain,BHR,2016,15312,1375427,0.01100997383405513
Bahrain,BHR,2017,14038,1401758,0.009915270279051501
Bahrain,BHR,2018,13443,1431228,0.009305232817714205
Bahrain,BHR,2019,14611,1460599,0.009904352600646687
Bahrain,BHR,2020,15419,1489704,0.0102443454787416
Bahrain,BHR,2021,11862,1520838,0.007739283617146212
Bahrain,BHR,2022,9900,1548191,0.0063539292634384
Bahrain,BHR,2023,9918,1571935,0.00626986199096882
Bahamas,BHS,2015,12754,374270,0.03295402869072719
Bahamas,BHS,2016,12642,378839,0.03229275494851602
Bahamas,BHS,2017,11354,384433,0.02868714737977751
Bahamas,BHS,2018,5912,393991,0.0147835850193672
Bahamas,BHS,2019,6678,397252,0.01653256752407595
Bahamas,BHS,2020,7115,400766,0.01744381326906622
Bahamas,BHS,2021,5324,406618,0.01292414951619403
Bahamas,BHS,2022,6812,409110,0.01637807088829155
Bahamas,BHS,2023,6549,413427,0.01559374821418367
Bosnia & Herzegovina,BIH,2015,15607,3520691,0.004413372402438935
Bosnia & Herzegovina,BIH,2016,37592,3448123,0.01078458795397788
Bosnia & Herzegovina,BIH,2017,33348,3413122,0.009675987314556633
Bosnia & Herzegovina,BIH,2018,10243,3404436,0.002999696311132027
Bosnia & Herzegovina,BIH,2019,24586,3361573,0.007260734064761873
Bosnia & Herzegovina,BIH,2020,9735,3347455,0.002899746514197886
Bosnia & Herzegovina,BIH,2021,6847,3317674,0.002059544818637031
Bosnia & Herzegovina,BIH,2022,5921,3282574,0.001800519690618353
Bosnia & Herzegovina,BIH,2023,5178,3244855,0.001593214591974912
Belarus,BLR,2015,99070,9385372,0.01044552752813502
Belarus,BLR,2016,99430,9373487,0.01049623890930323
Belarus,BLR,2017,94841,9360284,0.01003064475615077
Belarus,BLR,2018,74673,9357745,0.007916633889634662
Belarus,BLR,2019,71608,9335096,0.007612443210714401
Belarus,BLR,2020,49227,9330376,0.005248303153129189
Belarus,BLR,2021,58810,9293876,0.006288033191748339
Belarus,BLR,2022,62796,9262731,0.006733774938402945
Belarus,BLR,2023,62318,9235692,0.00670229436191185
Belize,BLZ,2015,153546,205537,0.4276058738508924
Belize,BLZ,2016,156929,208656,0.4292544825416797
Belize,BLZ,2017,161208,210478,0.4337209364894024
Belize,BLZ,2018,180117,197374,0.4771425014106296
Belize,BLZ,2019,178176,205006,0.4649905266948865
Belize,BLZ,2020,183114,205862,0.4707591213853811
Belize,BLZ,2021,153021,241687,0.3876815265968767
Belize,BLZ,2022,152468,248130,0.3806010015027534
Belize,BLZ,2023,153976,252494,0.3788127045046375
Bolivia,BOL,2015,1943154,8781462,0.1811863473713185
Bolivia,BOL,2016,2595313,8291614,0.2383880226256684
Bolivia,BOL,2017,2455432,8593381,0.2222349133793829
Bolivia,BOL,2018,1723352,9486538,0.1537349608247717
Bolivia,BOL,2019,1408991,9960467,0.1239277193336745
Bolivia,BOL,2020,1784093,9743012,0.1547737267943686
Bolivia,BOL,2021,1693519,9988755,0.1449648416053244
Bolivia,BOL,2022,1083428,10751583,0.09154431711132334
Bolivia,BOL,2023,1055976,10929494,0.08810468008346774
Brazil,BRA,2015,31914800,174029909,0.1549678074031025
Brazil,BRA,2016,53683467,153995566,0.2584924738165552
Brazil,BRA,2017,91754428,117639467,0.4381905594716599
Brazil,BRA,2018,85496494,125576094,0.4050573066361417
Brazil,BRA,2019,46003035,166695517,0.2162827840971856
Brazil,BRA,2020,22342827,191912379,0.1042813727476008
Brazil,BRA,2021,12154575,203574665,0.05634180605280953
Brazil,BRA,2022,13776851,203344238,0.06345238531849848
Brazil,BRA,2023,13714330,204720016,0.06278467764405511
Barbados,BRB,2015,28955,255201,0.1018982530722561
Barbados,BRB,2016,27798,256180,0.0978878645528879
Barbados,BRB,2017,36758,246494,0.1297713696637623
Barbados,BRB,2018,27494,254826,0.0973859450269198
Barbados,BRB,2019,19110,262041,0.0679705923151616
Barbados,BRB,2020,34932,245011,0.124782545018093
Barbados,BRB,2021,34225,244684,0.1227102746774037
Barbados,BRB,2022,48134,229828,0.1731675552773401
Barbados,BRB,2023,44643,232388,0.1611480303648328
Brunei,BRN,2015,70302,347392,0.1683098153193486
Brunei,BRN,2016,86040,337825,0.202989159284206
Brunei,BRN,2017,105957,323956,0.2464614933719148
Brunei,BRN,2018,59636,376281,0.1368058598311147
Brunei,BRN,2019,69216,372586,0.1566674664216097
Brunei,BRN,2020,51,447496,1.139545120400762e-4
Brunei,BRN,2021,50,453006,1.103616329990112e-4
Brunei,BRN,2022,51,458418,1.112398002918409e-4
Brunei,BRN,2023,51,463775,1.099550262382876e-4
Bhutan,BTN,2015,65174,722150,0.08277913540041965
Bhutan,BTN,2016,83634,714247,0.104820142352055
Bhutan,BTN,2017,84977,722994,0.1051733292407772
Bhutan,BTN,2018,62927,754769,0.07695647282119517
Bhutan,BTN,2019,97723,729546,0.1181272355183139
Bhutan,BTN,2020,52406,784253,0.06263722735307933
Bhutan,BTN,2021,47394,798714,0.05601412585627367
Bhutan,BTN,2022,43926,811636,0.05134169119245596
Bhutan,BTN,2023,40236,824669,0.04652071614801626
Botswana,BWA,2015,1582330,626597,0.7163342201892593
Botswana,BWA,2016,1727516,518919,0.7690033319459499
Botswana,BWA,2017,1040893,1244288,0.4554969606346281
Botswana,BWA,2018,1241544,1083024,0.5340966579596725
Botswana,BWA,2019,1252451,1111389,0.5298374678489238
Botswana,BWA,2020,753001,1649306,0.3134491137061167
Botswana,BWA,2021,751919,1687533,0.3082327506341588
Botswana,BWA,2022,679649,1795557,0.2745828024010931
Botswana,BWA,2023,672344,1837358,0.2678979416679749
Central African Republic,CAF,2015,4236171,309081,0.9319991498821187
Central African Republic,CAF,2016,4245984,357224,0.9223967285423557
Central African Republic,CAF,2017,4433901,246544,0.9473246667784794
Central African Republic,CAF,2018,4419152,351655,0.9262902481697541
Central African Republic,CAF,2019,4143067,724279,0.8511963193083047
Central African Republic,CAF,2020,4281561,681649,0.8626596497025111
Central African Republic,CAF,2021,4709366,344139,0.9319009281676777
Central African Republic,CAF,2022,3519517,1618804,0.68495467682926
Central African Republic,CAF,2023,3548278,1671094,0.6798285310953118
Canada,CAN,2015,436732,35510459,0.01214926640582292
Canada,CAN,2016,318222,35928704,0.008779282414183206
Canada,CAN,2017,334951,36189645,0.009170560024811774
Canada,CAN,2018,182961,36605047,0.004973386979800591
Canada,CAN,2019,185690,36859346,0.005012547430106425
Canada,CAN,2020,169003,37134714,0.00453046006112474
Canada,CAN,2021,134074,37435876,0.003568649944969317
Canada,CAN,2022,190642,37652080,0.005037745434908197
Canada,CAN,2023,190106,37928903,0.004987170574135335
Switzerland,CHE,2015,55746,8264230,0.006700259712287632
Switzerland,CHE,2016,51704,8336629,0.006163799172016657
Switzerland,CHE,2017,52369,8392120,0.006201559383877462
Switzerland,CHE,2018,62247,8430431,0.007329490179658289
Switzerland,CHE,2019,62194,8474948,0.007285107826483382
Switzerland,CHE,2020,65329,8516870,0.007612151617551632
Switzerland,CHE,2021,37825,8593279,0.004382405773351822
Switzerland,CHE,2022,37456,8646063,0.004313458633533248
Switzerland,CHE,2023,37631,8700347,0.004306602740359383
Chile,CHL,2015,2141880,15619342,0.1205930537887539
Chile,CHL,2016,1146922,16747858,0.06409254542386103
Chile,CHL,2017,1514457,16506682,0.08403780693329095
Chile,CHL,2018,566588,17574755,0.03123186635079883
Chile,CHL,2019,1668106,16588336,0.09137081584681177
Chile,CHL,2020,1773934,16593581,0.09657996740440936
Chile,CHL,2021,860689,17614587,0.04658598875600018
Chile,CHL,2022,838016,17741711,0.0451037843559273
Chile,CHL,2023,872541,17807787,0.04670908348076115
China,CHN,2015,252605245,1144453147,0.1808122312184643
China,CHN,2016,216556945,1186524073,0.15434386341331
China,CHN,2017,192903230,1214767161,0.1370372149853651
China,CHN,2018,81005073,1330195477,0.05740153162496996
China,CHN,2019,122846243,1291199643,0.08687571189609897
China,CHN,2020,60002873,1356577956,0.04235753567437273
China,CHN,2021,37432075,1381654288,0.02637758770429394
China,CHN,2022,34098559,1387372205,0.02398822393226513
China,CHN,2023,28814742,1394734276,0.02024148212365947
Côte d’Ivoire,CIV,2015,16635160,6470141,0.7199715770852758
Côte d’Ivoire,CIV,2016,18889153,4806069,0.7971713875480888
Côte d’Ivoire,CIV,2017,19449269,4829413,0.801084218657339
Côte d’Ivoire,CIV,2018,9911566,14944647,0.3987560776052249
Côte d’Ivoire,CIV,2019,9687632,15740716,0.3809776396012828
Côte d’Ivoire,CIV,2020,9939895,16055642,0.3823692890052627
Côte d’Ivoire,CIV,2021,6532784,20025327,0.2459807476518191
Côte d’Ivoire,CIV,2022,4555195,22560607,0.1679904212311331
Côte d’Ivoire,CIV,2023,4255603,23412820,0.1538072119253056
Cameroon,CMR,2015,12114374,10723356,0.5304543840390442
Cameroon,CMR,2016,10341684,13082824,0.441489913043211
Cameroon,CMR,2017,12525729,11475983,0.5218681484054137
Cameroon,CMR,2018,10409885,14160247,0.4236804669995261
Cameroon,CMR,2019,10496550,14634584,0.4176711643812014
Cameroon,CMR,2020,10911551,14774110,0.4248109869549396
Cameroon,CMR,2021,10945603,15289264,0.4172158753463473
Cameroon,CMR,2022,10067755,16710979,0.3759608277224756
Cameroon,CMR,2023,10019539,17297242,0.3667906185578748
Congo - Kinshasa,COD,2015,72168095,4028873,0.9471255470427642
Congo - Kinshasa,COD,2016,70909672,7662312,0.9024803548297826
Congo - Kinshasa,COD,2017,76845536,4147993,0.948786118456451
Congo - Kinshasa,COD,2018,82123321,1325428,0.9841168619555939
Congo - Kinshasa,COD,2019,84268175,1657779,0.9807068886311114
Congo - Kinshasa,COD,2020,86096796,2313499,0.9738322443104618
Congo - Kinshasa,COD,2021,73796739,17097435,0.8118973499885702
Congo - Kinshasa,COD,2022,59353781,34022687,0.6356396024745764
Congo - Kinshasa,COD,2023,58244899,37615958,0.6075983547695594
Congo - Brazzaville,COG,2015,3281884,1713093,0.6570368592287812
Congo - Brazzaville,COG,2016,3807236,1335208,0.7403553641031385
Congo - Brazzaville,COG,2017,3804423,1475853,0.7204969967478972
Congo - Brazzaville,COG,2018,4408453,1002850,0.8146749498226212
Congo - Brazzaville,COG,2019,4560500,977959,0.8234239885137725
Congo - Brazzaville,COG,2020,3788141,1876418,0.668744204094264
Congo - Brazzaville,COG,2021,4559565,1232318,0.7872336164249174
Congo - Brazzaville,COG,2022,3780370,2140157,0.6385191723642168
Congo - Brazzaville,COG,2023,3806116,2243720,0.6291271366694899
Colombia,COL,2015,11660976,36573839,0.2417543427916122
Colombia,COL,2016,11681382,36991307,0.2399986982432797
Colombia,COL,2017,13380592,35722619,0.2724993279971039
Colombia,COL,2018,13601098,35924176,0.2746294346599678
Colombia,COL,2019,13945495,35992300,0.2792573240368342
Colombia,COL,2020,15372379,34967436,0.3053721790594582
Colombia,COL,2021,11916963,38813382,0.234907982589119
Colombia,COL,2022,9144829,41964092,0.1789282344661512
Colombia,COL,2023,9075877,42399148,0.1763161261213569
Comoros,COM,2015,529913,247506,0.6816311409934669
Comoros,COM,2016,489618,305938,0.6154412762897897
Comoros,COM,2017,546409,267806,0.6710868750882752
Comoros,COM,2018,607687,225445,0.7294006231905629
Comoros,COM,2019,444708,407348,0.5219234416517224
Comoros,COM,2020,447751,422939,0.5142484696045665
Comoros,COM,2021,461972,426950,0.51969914120699
Comoros,COM,2022,336020,570702,0.3705876773696899
Comoros,COM,2023,336533,587637,0.364146206866702
Cape Verde,CPV,2015,201115,331952,0.3772790287149645
Cape Verde,CPV,2016,274958,263966,0.5101980984331742
Cape Verde,CPV,2017,261472,283158,0.4800910710023318
Cape Verde,CPV,2018,146334,403774,0.2660095835726803
Cape Verde,CPV,2019,138108,417430,0.2486022558312843
Cape Verde,CPV,2020,167268,393549,0.2982577204328685
Cape Verde,CPV,2021,104922,461200,0.185334609854413
Cape Verde,CPV,2022,99783,471599,0.1746344827103409
Cape Verde,CPV,2023,93154,483423,0.1615638501015476
Costa Rica,CRI,2015,243225,4564367,0.05059185554847416
Costa Rica,CRI,2016,340015,4519211,0.06997307801695167
Costa Rica,CRI,2017,197336,4713623,0.04018278303687732
Costa Rica,CRI,2018,238146,4724260,0.0479900274181516
Costa Rica,CRI,2019,205056,4808040,0.04090406407537378
Costa Rica,CRI,2020,332852,4729559,0.06574969910582132
Costa Rica,CRI,2021,311146,4798946,0.0608885319481528
Costa Rica,CRI,2022,299670,4856447,0.05811931730796644
Costa Rica,CRI,2023,292444,4908148,0.05623282887794313
Cyprus,CYP,2015,2504,1158615,0.002156540371830966
Cyprus,CYP,2016,1736,1168706,0.001483200363623315
Cyprus,CYP,2017,1588,1177824,0.001346433646596779
Cyprus,CYP,2018,1371,1186869,0.001153807311654211
Cyprus,CYP,2019,1491,1195349,0.001245780555462719
Cyprus,CYP,2020,1733,1203702,0.001437655286265954
Cyprus,CYP,2021,1167,1213026,9.611322088004131e-4
Cyprus,CYP,2022,747,1222197,6.108211005573436e-4
Cyprus,CYP,2023,737,1230938,5.983721355065257e-4
Czechia,CZE,2015,47108,10554748,0.00444337293394666
Czechia,CZE,2016,27852,10575159,0.002626801009637734
Czechia,CZE,2017,19772,10582686,0.001864850584647447
Czechia,CZE,2018,13335,10586832,0.001257999048505557
Czechia,CZE,2019,8685,10587612,8.196259504617509e-4
Czechia,CZE,2020,6855,10583926,6.472610471314627e-4
Czechia,CZE,2021,8352,10575370,7.891363737634077e-4
Czechia,CZE,2022,7733,10567172,7.312595243172397e-4
Czechia,CZE,2023,7550,10556720,7.146731387970963e-4
Germany,DEU,2015,325987,81381770,0.003989670160692332
Germany,DEU,2016,287269,81510629,0.00351193621136817
Germany,DEU,2017,406985,81381026,0.004976096068652409
Germany,DEU,2018,316759,81396077,0.003876490102485245
Germany,DEU,2019,312869,81294209,0.0038338463729825
Germany,DEU,2020,325097,81180315,0.003988655379105378
Germany,DEU,2021,281461,81153643,0.00345626131944278
Germany,DEU,2022,278372,81114913,0.003420085575855551
Germany,DEU,2023,278075,81091511,0.00341743166789616
Denmark,DNK,2015,40302,5648215,0.007084799078564765
Denmark,DNK,2016,40162,5668371,0.007035432746031248
Denmark,DNK,2017,31149,5694916,0.005439861405694836
Denmark,DNK,2018,37783,5704398,0.006579904046911792
Denmark,DNK,2019,36221,5721671,0.006290670266132119
Denmark,DNK,2020,36799,5737597,0.006372787733989841
Denmark,DNK,2021,35813,5756674,0.006182663854057851
Denmark,DNK,2022,35299,5776717,0.006073451965720672
Denmark,DNK,2023,35349,5797202,0.006060641390019565
Dominican Republic,DOM,2015,2381300,8147401,0.2261722504988982
Dominican Republic,DOM,2016,2298739,8355377,0.2157606506255423
Dominican Republic,DOM,2017,1433692,9345494,0.1330055905891224
Dominican Republic,DOM,2018,1814919,9088412,0.1664554620968583
Dominican Republic,DOM,2019,1558351,9467426,0.1413370685802914
Dominican Republic,DOM,2020,1820788,9325212,0.1633579759554997
Dominican Republic,DOM,2021,1229324,10034024,0.1091437466018097
Dominican Republic,DOM,2022,500509,10877464,0.04398929405088235
Dominican Republic,DOM,2023,469148,11020766,0.04083128907666324
Algeria,DZA,2015,10513427,29358956,0.2636769164260887
Algeria,DZA,2016,23458398,17117794,0.5781320731132187
Algeria,DZA,2017,4996891,36245016,0.121160522475355
Algeria,DZA,2018,845996,41028063,0.02020334355453815
Algeria,DZA,2019,836956,41640449,0.01970355769143619
Algeria,DZA,2020,517667,42540698,0.01202244906419461
Algeria,DZA,2021,501981,43118913,0.01150781091281623
Algeria,DZA,2022,483328,43679711,0.0109441743807531
Algeria,DZA,2023,481727,44202565,0.01078067881214275
Ecuador,ECU,2015,4974722,11172445,0.3080863658621974
Ecuador,ECU,2016,2685173,13700113,0.1638770907019871
Ecuador,ECU,2017,5076758,11544312,0.3054411057771852
Ecuador,ECU,2018,3621961,13232258,0.2148993673334849
Ecuador,ECU,2019,3862157,13222159,0.226064479256881
Ecuador,ECU,2020,3771136,13539653,0.2178488802561223
Ecuador,ECU,2021,3439642,14093807,0.1961760062153202
Ecuador,ECU,2022,3415031,14337066,0.1923733855217218
Ecuador,ECU,2023,3394277,14572714,0.1889173874467906
Egypt,EGY,2015,9017736,84765081,0.09615552495080203
Egypt,EGY,2016,11691005,83927266,0.1222674796117156
Egypt,EGY,2017,9497714,87890005,0.09752476079658463
Egypt,EGY,2018,15834407,83267107,0.1597796679473535
Egypt,EGY,2019,16368603,84401540,0.1624350478494409
Egypt,EGY,2020,14720743,87683259,0.1437516377533761
Egypt,EGY,2021,16345853,87665646,0.1571542873350955
Egypt,EGY,2022,7019342,98573453,0.06647557723990544
Egypt,EGY,2023,6722545,100423431,0.06274192695766755
Spain,ESP,2015,934403,45463661,0.02013883596522476
Spain,ESP,2016,1014096,45367545,0.02186416819534263
Spain,ESP,2017,1112606,45321255,0.02396109166971922
Spain,ESP,2018,561902,45967086,0.01207638558569122
Spain,ESP,2019,572584,46068952,0.01227626808859811
Spain,ESP,2020,515007,46230703,0.01101720350380816
Spain,ESP,2021,439797,46381723,0.0093930525963275
Spain,ESP,2022,419253,46452258,0.008944729774126548
Spain,ESP,2023,415404,46488379,0.008856513769902099
Estonia,EST,2015,22237,1293166,0.01690508536167243
Estonia,EST,2016,164,1312980,1.248911010521314e-4
Estonia,EST,2017,163,1311128,1.243049788338363e-4
Estonia,EST,2018,159,1309539,1.214020331404644e-4
Estonia,EST,2019,161,1307909,1.230820980528565e-4
Estonia,EST,2020,162,1306159,1.240123981777833e-4
Estonia,EST,2021,162,1303947,1.242227451846433e-4
Estonia,EST,2022,162,1301444,1.24461626636632e-4
Estonia,EST,2023,164,1298623,1.262716673326727e-4
Ethiopia,ETH,2015,89920920,9931165,0.9005412355685913
Ethiopia,ETH,2016,75921900,26503061,0.7412441191947342
Ethiopia,ETH,2017,72392856,32645397,0.6892046843162938
Ethiopia,ETH,2018,74036741,33649170,0.6875248610749088
Ethiopia,ETH,2019,66829622,43528210,0.6055720811913013
Ethiopia,ETH,2020,39723258,73323840,0.3513867998628324
Ethiopia,ETH,2021,19805627,95940550,0.1711125802453069
Ethiopia,ETH,2022,19620184,98832071,0.1656379103968937
Ethiopia,ETH,2023,18849287,102312315,0.1555714573665013
Finland,FIN,2015,27468,5454226,0.005010859781666033
Finland,FIN,2016,35093,5460852,0.006385253127533117
Finland,FIN,2017,36309,5470899,0.006592995942771728
Finland,FIN,2018,29525,5486843,0.005352253511730907
Finland,FIN,2019,32766,5491596,0.005931182641543042
Finland,FIN,2020,29653,5502588,0.005360034025994167
Finland,FIN,2021,17276,5523207,0.003118139700094739
Finland,FIN,2022,16941,5532195,0.003052907695900767
Finland,FIN,2023,16897,5540958,0.003040201660532706
Fiji,FJI,2015,163687,728212,0.1835263858351674
Fiji,FJI,2016,174401,722686,0.1944081231809178
Fiji,FJI,2017,175779,726212,0.1948788846008441
Fiji,FJI,2018,124843,781698,0.1377135728003477
Fiji,FJI,2019,204469,706224,0.2245202280021917
Fiji,FJI,2020,265563,648946,0.2903886129059419
Fiji,FJI,2021,226091,691778,0.2463216428488161
Fiji,FJI,2022,189984,730802,0.2063280718864101
Fiji,FJI,2023,169187,754243,0.1832158366091637
France,FRA,2015,234565,64220624,0.003639194976218284
France,FRA,2016,833334,63910783,0.01287119260580849
France,FRA,2017,393534,64636844,0.00605154101979847
France,FRA,2018,154492,65160036,0.002365354305247372
France,FRA,2019,152863,65443667,0.002330351925627773
France,FRA,2020,133944,65742848,0.002033250192268014
France,FRA,2021,158791,65996821,0.002400264999437992
France,FRA,2022,119718,66313922,0.001802068951814171
France,FRA,2023,119983,66591599,0.001798533274177189
Gabon,GAB,2015,630135,1300259,0.3264281799466844
Gabon,GAB,2016,754929,1233544,0.3796526279210228
Gabon,GAB,2017,197488,1839141,0.09696807813303257
Gabon,GAB,2018,331261,1746556,0.1594274182952589
Gabon,GAB,2019,343211,1772106,0.1622503861123415
Gabon,GAB,2020,240498,1911475,0.1117569783635761
Gabon,GAB,2021,407835,1782555,0.1861928697629189
Gabon,GAB,2022,261392,1968838,0.1172040551871332
Gabon,GAB,2023,256639,2014235,0.113013315578055
United Kingdom,GBR,2015,157931,65235564,0.00241508731105441
United Kingdom,GBR,2016,96874,65687154,0.001472606694135543
United Kingdom,GBR,2017,798855,65319645,0.01208217064815445
United Kingdom,GBR,2018,627307,65787534,0.00944528347210829
United Kingdom,GBR,2019,778909,65912043,0.01167938043529503
United Kingdom,GBR,2020,575797,66388918,0.008598513411130026
United Kingdom,GBR,2021,544728,66705336,0.008100036901080123
United Kingdom,GBR,2022,529729,67015720,0.00784255649851406
United Kingdom,GBR,2023,536866,67308347,0.007913100663417477
Georgia,GEO,2015,569503,3382092,0.1441197794814499
Georgia,GEO,2016,647800,3254717,0.1659954332037503
Georgia,GEO,2017,666606,3196626,0.1725513766711396
Georgia,GEO,2018,633433,3196691,0.1653818518669369
Georgia,GEO,2019,607669,3192044,0.1599249732808767
Georgia,GEO,2020,430116,3338476,0.1141317500010614
Georgia,GEO,2021,330003,3403925,0.088379583109261875
Georgia,GEO,2022,275105,3420948,0.0744321036521933
Georgia,GEO,2023,247242,3408652,0.06762832839245339
Ghana,GHA,2015,9611023,17972901,0.3484284179437269
Ghana,GHA,2016,11191753,17019149,0.39671730453709
Ghana,GHA,2017,11252465,17589135,0.3901470445467658
Ghana,GHA,2018,13518087,15955770,0.4586466915409137
Ghana,GHA,2019,12689135,17416379,0.4214887345886205
Ghana,GHA,2020,8427268,22307118,0.2741967254527226
Ghana,GHA,2021,8790923,22567983,0.2803325792041342
Ghana,GHA,2022,6488142,25491226,0.2028852477634955
Ghana,GHA,2023,6548189,26048438,0.2008854781201748
Guinea,GIN,2015,6416409,5673654,0.5307175818686801
Guinea,GIN,2016,6142677,6227010,0.4965911425244632
Guinea,GIN,2017,8273623,4398606,0.6528940567598644
Guinea,GIN,2018,3910331,9079597,0.3010279194773058
Guinea,GIN,2019,5026672,8287511,0.3775426550769206
Guinea,GIN,2020,5805444,7831598,0.4257113822777696
Guinea,GIN,2021,3643481,10308390,0.2611464082487575
Guinea,GIN,2022,5059229,9199824,0.3548082050049186
Guinea,GIN,2023,4910734,9650203,0.3372539830369433
Gambia,GMB,2015,1930975,46443,0.9765133118035741
Gambia,GMB,2016,2023817,11934,0.994137789935999
Gambia,GMB,2017,1307415,786362,0.6244289625877063
Gambia,GMB,2018,941845,1209460,0.4378017064061117
Gambia,GMB,2019,947658,1260669,0.4291293816540757
Gambia,GMB,2020,891579,1373576,0.3936061770607309
Gambia,GMB,2021,1374444,947179,0.5920186007805747
Gambia,GMB,2022,1024691,1353085,0.4309451352860825
Gambia,GMB,2023,993547,1439945,0.4082803641844723
Guinea-Bissau,GNB,2015,1761805,8722,0.9950737831165523
Guinea-Bissau,GNB,2016,1799858,7262,0.9959814511487892
Guinea-Bissau,GNB,2017,1723645,122527,0.9336318609533673
Guinea-Bissau,GNB,2018,1727546,159083,0.9156787052462355
Guinea-Bissau,GNB,2019,1820693,106698,0.9446412274416556
Guinea-Bissau,GNB,2020,1877033,90257,0.9541211514316649
Guinea-Bissau,GNB,2021,1416329,589369,0.7061526710402064
Guinea-Bissau,GNB,2022,1423460,619303,0.6968307140867541
Guinea-Bissau,GNB,2023,1420154,658112,0.6833360118483389
Greece,GRC,2015,754512,10463410,0.06725951562152063
Greece,GRC,2016,567609,10640630,0.05064212138945288
Greece,GRC,2017,435324,10764954,0.03886724954505594
Greece,GRC,2018,102543,11090699,0.009161152774147115
Greece,GRC,2019,217343,10968997,0.01942932183359347
Greece,GRC,2020,103031,11075859,0.009216568013461086
Greece,GRC,2021,91576,11078664,0.008198212392929784
Greece,GRC,2022,82539,11078069,0.007395564829442983
Greece,GRC,2023,79478,11070917,0.007127819238690648
Guatemala,GTM,2015,6929217,9322892,0.4263580191346243
Guatemala,GTM,2016,8520414,8042503,0.5144271386495507
Guatemala,GTM,2017,9284030,7583704,0.550401731495173
Guatemala,GTM,2018,5001849,12166792,0.2913363381527985
Guatemala,GTM,2019,4944513,12522807,0.2830722171460762
Guatemala,GTM,2020,5192593,12573081,0.2922823530365355
Guatemala,GTM,2021,4923825,13141323,0.2725593501918722
Guatemala,GTM,2022,4920935,13444190,0.2679499867275611
Guatemala,GTM,2023,4925289,13739187,0.2638857367332466
Guyana,GUY,2015,181627,586626,0.2364156078791752
Guyana,GUY,2016,172613,596540,0.2244195888204298
Guyana,GUY,2017,261429,506700,0.3403451763961522
Guyana,GUY,2018,149428,616069,0.1952039002112353
Guyana,GUY,2019,136953,625113,0.1797127807827668
Guyana,GUY,2020,84659,673623,0.1116457993200419
Guyana,GUY,2021,54352,700329,0.07201983354556428
Guyana,GUY,2022,34031,717176,0.04530176103257823
Guyana,GUY,2023,8549,739157,0.01143363835518238
Hong Kong SAR China,HKG,2015,50548,7193967,0.006977416707674703
Hong Kong SAR China,HKG,2016,58993,7236893,0.00808578971765732
Hong Kong SAR China,HKG,2017,60500,7285016,0.008236317230811287
Hong Kong SAR China,HKG,2018,45097,7348566,0.00609941242926544
Hong Kong SAR China,HKG,2019,50198,7390409,0.006746492591263051
Hong Kong SAR China,HKG,2020,51759,7434765,0.006913622396722431
Hong Kong SAR China,HKG,2021,41393,7490170,0.005495937563026426
Hong Kong SAR China,HKG,2022,42191,7533400,0.005569334458526074
Hong Kong SAR China,HKG,2023,41203,7577232,0.005408328613422573
Honduras,HND,2015,5451266,3509408,0.6083544608363165
Honduras,HND,2016,5768132,3377051,0.6307289859590562
Honduras,HND,2017,3911812,5391190,0.4204892141267948
Honduras,HND,2018,4376748,5066462,0.4634809561579166
Honduras,HND,2019,4274669,5299929,0.4464593709312913
Honduras,HND,2020,4611468,5094828,0.4751006975266363
Honduras,HND,2021,4172553,5672975,0.4238018519677157
Honduras,HND,2022,3722199,6269215,0.3725397626402029
Honduras,HND,2023,3707865,6433364,0.3656228451206456
Croatia,HRV,2015,4816,4231571,0.001136817764760396
Croatia,HRV,2016,4135,4213813,9.803345133700084e-4
Croatia,HRV,2017,3537,4195105,8.424152380698331e-4
Croatia,HRV,2018,3119,4175636,7.463945601022314e-4
Croatia,HRV,2019,2468,4156121,5.934705256999429e-4
Croatia,HRV,2020,3141,4135178,7.590038370652431e-4
Croatia,HRV,2021,664,4117504,1.612367441056314e-4
Croatia,HRV,2022,534,4097583,1.303037468183558e-4
Croatia,HRV,2023,501,4077722,1.228476226042568e-4
Haiti,HTI,2015,6834480,3874502,0.6382007178646859
Haiti,HTI,2016,9300607,1551311,0.8570472979983815
Haiti,HTI,2017,9679224,1315847,0.8803239196909233
Haiti,HTI,2018,4665431,6471482,0.4189159958419357
Haiti,HTI,2019,4419016,6856947,0.3918969936314974
Haiti,HTI,2020,2682756,8727898,0.2351097491870317
Haiti,HTI,2021,7827006,3712832,0.6782596081504784
Haiti,HTI,2022,6516123,5147466,0.5586722062994504
Haiti,HTI,2023,6614141,5168214,0.5613598469915395
Hungary,HUN,2015,418260,9364342,0.04275549593042833
Hungary,HUN,2016,229430,9509650,0.02355766663791652
Hungary,HUN,2017,309314,9391906,0.03188403108062697
Hungary,HUN,2018,112767,9554173,0.01166522187993305
Hungary,HUN,2019,146202,9488181,0.01517502470059577
Hungary,HUN,2020,69335,9532285,0.007221177259670764
Hungary,HUN,2021,99544,9467515,0.01040486945883787
Hungary,HUN,2022,80379,9450376,0.008433644553867978
Hungary,HUN,2023,78729,9414544,0.008293135570840531
Indonesia,IDN,2015,69657017,188524772,0.269798335776502
Indonesia,IDN,2016,81879836,179240037,0.3135718283686512
Indonesia,IDN,2017,76313235,187597767,0.2891627648020525
Indonesia,IDN,2018,45932747,220643682,0.1723061081293125
Indonesia,IDN,2019,50461697,218675644,0.1874942243707461
Indonesia,IDN,2020,48702440,222912465,0.1793069493001498
Indonesia,IDN,2021,25653773,248371987,0.0936181072903511
Indonesia,IDN,2022,37012687,239355013,0.1339255166215155
Indonesia,IDN,2023,34329340,244304667,0.1232058511795368
India,IND,2015,350067780,959044496,0.2674085228729457
India,IND,2016,313996223,1010123802,0.2371357709811843
India,IND,2017,589546517,749426862,0.4402974146060301
India,IND,2018,249381971,1104244499,0.1842324869725693
India,IND,2019,224918555,1143116152,0.1644099772097376
India,IND,2020,341701890,1040450135,0.2472245337845524
India,IND,2021,235309292,1160633568,0.1685665643936171
India,IND,2022,262855340,1146554461,0.1865002924014717
India,IND,2023,229657267,1192908049,0.161438820711414
Ireland,IRL,2015,11231,4689020,0.002389446861454846
Ireland,IRL,2016,6102,4717457,0.001291822543129026
Ireland,IRL,2017,10402,4745905,0.002186990873381386
Ireland,IRL,2018,2676,4792048,5.581134597111325e-4
Ireland,IRL,2019,4700,4830302,9.720781914878215e-4
Ireland,IRL,2020,4571,4868807,9.379530994722757e-4
Ireland,IRL,2021,2288,4904732,4.662707712623955e-4
Ireland,IRL,2022,2342,4933762,4.744632609037411e-4
Ireland,IRL,2023,2265,4959595,4.564820450395618e-4
Iran,IRN,2015,2001016,77360271,0.02521400642104002
Iran,IRN,2016,2020333,78390815,0.0251250361454857
Iran,IRN,2017,3435459,78014346,0.04217884867864324
Iran,IRN,2018,4845978,77619658,0.05876360427269366
Iran,IRN,2019,6120971,77326060,0.07335157316741443
Iran,IRN,2020,6276217,78106282,0.07437818356149893
Iran,IRN,2021,4796474,80466487,0.05625507188285427
Iran,IRN,2022,4616916,81472530,0.05362929156263824
Iran,IRN,2023,4537770,82327853,0.05223896224171443
Iraq,IRQ,2015,2736133,33382011,0.07575508309618567
Iraq,IRQ,2016,2795773,34372713,0.07521890991201526
Iraq,IRQ,2017,2961532,35217343,0.07756991268076914
Iraq,IRQ,2018,7855367,31305881,0.2005903131585592
Iraq,IRQ,2019,13156964,26971202,0.3278735439840435
Iraq,IRQ,2020,1564474,39527527,0.03807247060078676
Iraq,IRQ,2021,1045018,41017552,0.02484436875825704
Iraq,IRQ,2022,839624,42199910,0.01950820378306141
Iraq,IRQ,2023,810021,43209542,0.01840138667437476
Iceland,ISL,2015,363,329616,0.001100070004454829
Iceland,ISL,2016,513,331698,0.001544199319107435
Iceland,ISL,2017,371,334287,0.001108594445672896
Iceland,ISL,2018,375,336774,0.001112267869695595
Iceland,ISL,2019,380,339391,0.001118400334342837
Iceland,ISL,2020,325,341935,9.495705019575761e-4
Iceland,ISL,2021,326,344388,9.457115173738229e-4
Iceland,ISL,2022,311,346743,8.961141493830931e-4
Iceland,ISL,2023,313,348980,8.960958278579874e-4
Israel,ISR,2015,515964,7547258,0.06398980457191926
Israel,ISR,2016,144422,8056688,0.01761005522423184
Israel,ISR,2017,223210,8125315,0.026736459434451
Israel,ISR,2018,118385,8384149,0.01392349621889192
Israel,ISR,2019,116856,8543371,0.01349341073854069
Israel,ISR,2020,101158,8717310,0.01147115349287427
Israel,ISR,2021,93707,8881342,0.01044083436201852
Israel,ISR,2022,86257,9043951,0.009447429894258707
Israel,ISR,2023,86906,9197769,0.009360155309690431
Italy,ITA,2015,1641457,57862736,0.02758556863379359
Italy,ITA,2016,1478760,57950405,0.02488273224097966
Italy,ITA,2017,1569241,57777718,0.02644180976484406
Italy,ITA,2018,1127283,58130732,0.01902330005485334
Italy,ITA,2019,1338170,57824681,0.02261841641133893
Italy,ITA,2020,1222190,57839613,0.02069340822527886
Italy,ITA,2021,1169834,57785607,0.01984268084772702
Italy,ITA,2022,1129677,57715065,0.01919758608169274
Italy,ITA,2023,1120116,57610551,0.01907208034943652
Jamaica,JAM,2015,612379,2259515,0.2132317557681447
Jamaica,JAM,2016,618835,2261940,0.214815457645946
Jamaica,JAM,2017,911176,1977351,0.3154465926750901
Jamaica,JAM,2018,757003,2138470,0.2614436397783713
Jamaica,JAM,2019,750248,2151209,0.2585762945995753
Jamaica,JAM,2020,562593,2344126,0.1935491528420876
Jamaica,JAM,2021,536695,2374562,0.1843516391716705
Jamaica,JAM,2022,848604,2066349,0.2911209889147441
Jamaica,JAM,2023,817670,2100046,0.2802431765120389
Jordan,JOR,2015,299743,8859126,0.03272707579942458
Jordan,JOR,2016,575650,8920920,0.06061662263322442
Jordan,JOR,2017,1355633,8405951,0.1388742851569991
Jordan,JOR,2018,300879,9677869,0.0301519789857405
Jordan,JOR,2019,168624,10004204,0.01657592166111528
Jordan,JOR,2020,165224,10203368,0.0159350469186173
Jordan,JOR,2021,160495,10425250,0.01516142699451007
Jordan,JOR,2022,163153,10659355,0.01507534113164897
Jordan,JOR,2023,164658,10907278,0.01487165388239238
Japan,JPN,2015,1975061,125997446,0.01543347900498659
Japan,JPN,2016,1986111,125798134,0.01554269072842274
Japan,JPN,2017,1932979,125545298,0.01516320306086346
Japan,JPN,2018,1070532,126013859,0.008423788252642294
Japan,JPN,2019,915914,125716349,0.007232864503100604
Japan,JPN,2020,1137389,125014104,0.009016056591577557
Japan,JPN,2021,944010,124721982,0.007512056245097719
Japan,JPN,2022,921687,124254267,0.007363131420592169
Japan,JPN,2023,896179,123779572,0.007188077816350992
Kazakhstan,KAZ,2015,225577,17522715,0.01270978638395176
Kazakhstan,KAZ,2016,759077,17188735,0.04229356759475751
Kazakhstan,KAZ,2017,489822,17607742,0.02706563159550092
Kazakhstan,KAZ,2018,204506,18006326,0.01122990975920266
Kazakhstan,KAZ,2019,198098,18102831,0.01082447781749222
Kazakhstan,KAZ,2020,164708,18216192,0.008960823463486554
Kazakhstan,KAZ,2021,198555,18262795,0.01075517229238382
Kazakhstan,KAZ,2022,195245,18346718,0.01052989912664587
Kazakhstan,KAZ,2023,189763,18429894,0.01019154112237406
Kenya,KEN,2015,19499362,23474026,0.4537543560679926
Kenya,KEN,2016,19745812,24385797,0.447430140151926
Kenya,KEN,2017,19890008,25390364,0.4392633523417167
Kenya,KEN,2018,20029206,26394207,0.4314462187431157
Kenya,KEN,2019,20102450,27461823,0.4226375960797298
Kenya,KEN,2020,21455147,27251492,0.4404973827079302
Kenya,KEN,2021,19648489,30204874,0.3941256480530712
Kenya,KEN,2022,19534147,31470684,0.3829862116394425
Kenya,KEN,2023,19459505,32701092,0.3730690620738102
Kyrgyzstan,KGZ,2015,823803,5041870,0.1404447537392555
Kyrgyzstan,KGZ,2016,1520078,4434425,0.2552820949120355
Kyrgyzstan,KGZ,2017,2052964,3991814,0.3396260375484426
Kyrgyzstan,KGZ,2018,798183,5336631,0.1301071230521414
Kyrgyzstan,KGZ,2019,1316008,4907091,0.2114714871159852
Kyrgyzstan,KGZ,2020,1075718,5232407,0.170528960665808
Kyrgyzstan,KGZ,2021,806658,5581862,0.1262668035789197
Kyrgyzstan,KGZ,2022,560512,5904017,0.08670577547103586
Kyrgyzstan,KGZ,2023,525713,6010839,0.08042665307336345
Cambodia,KHM,2015,1760546,13758176,0.1134465840679406
Cambodia,KHM,2016,1504366,14270799,0.09536293281243018
Cambodia,KHM,2017,2580976,13454980,0.1609493066705845
Cambodia,KHM,2018,1153588,15143999,0.0707827483909121
Cambodia,KHM,2019,1011890,15544552,0.06111760002541609
Cambodia,KHM,2020,1241211,15567917,0.0738414866018035
Cambodia,KHM,2021,3008491,14044735,0.176417705365542
Cambodia,KHM,2022,2756614,14531997,0.1594468173296281
Cambodia,KHM,2023,2429887,15085969,0.1387249929435364
South Korea,KOR,2015,318960,50269540,0.006304990264585825
South Korea,KOR,2016,288321,50508589,0.005675955486268752
South Korea,KOR,2017,278910,50677791,0.00547347050587125
South Korea,KOR,2018,271409,50809174,0.005313349692974334
South Korea,KOR,2019,265123,50916045,0.005180088895196764
South Korea,KOR,2020,218109,51053096,0.004254025236972683
South Korea,KOR,2021,210931,51149844,0.00410685002319377
South Korea,KOR,2022,206391,51243135,0.004011523837945562
South Korea,KOR,2023,203715,51330702,0.003952989319739466
Kuwait,KWT,2015,73548,3862362,0.01868640289030999
Kuwait,KWT,2016,38333,4010805,0.009466953213251809
Kuwait,KWT,2017,38671,4097397,0.009349701213809831
Kuwait,KWT,2018,35102,4169545,0.008348382159073044
Kuwait,KWT,2019,30357,4232660,0.007121013122865802
Kuwait,KWT,2020,28352,4290954,0.006564017460212358
Kuwait,KWT,2021,28803,4351164,0.006576076943045461
Kuwait,KWT,2022,32688,4411775,0.007354769293838198
Kuwait,KWT,2023,32848,4478135,0.007281783150147096
Laos,LAO,2015,690276,5973469,0.1035867969137474
Laos,LAO,2016,1650878,5105639,0.2443386141113831
Laos,LAO,2017,2309523,4545551,0.3369070851751564
Laos,LAO,2018,2275841,4681140,0.3271305470002002
Laos,LAO,2019,2573463,4486038,0.3645389383753894
Laos,LAO,2020,2290793,4869215,0.3199427989465933
Laos,LAO,2021,1605398,5651131,0.2212349733598529
Laos,LAO,2022,1594582,5754546,0.2169756738486525
Laos,LAO,2023,1550534,5887617,0.208456913552844
Lebanon,LBN,2015,232669,5618937,0.03976156289401576
Lebanon,LBN,2016,260787,5776857,0.04319350395617894
Lebanon,LBN,2017,203825,5946241,0.03314192075337077
Lebanon,LBN,2018,156357,6057382,0.02516311032697061
Lebanon,LBN,2019,166988,6086570,0.02670287858527897
Lebanon,LBN,2020,289648,6004845,0.0460160969279019
Lebanon,LBN,2021,859705,5496429,0.1352559590468042
Lebanon,LBN,2022,898751,5538062,0.1396267065704721
Lebanon,LBN,2023,945175,5584334,0.1447543758650153
Liberia,LBR,2015,1273770,3225255,0.2831213429576408
Liberia,LBR,2016,3106507,1504218,0.6737567302322303
Liberia,LBR,2017,1474757,3254256,0.3118530230303871
Liberia,LBR,2018,1544005,3307597,0.3182464266442301
Liberia,LBR,2019,1713306,3262847,0.3443033202556272
Liberia,LBR,2020,1909195,3191225,0.3743211343379565
Liberia,LBR,2021,2900694,2321947,0.5554075035982753
Liberia,LBR,2022,2923305,2419542,0.5471436857540558
Liberia,LBR,2023,2925298,2536416,0.5356007290019213
Libya,LBY,2015,350347,5884129,0.05619509963628058
Libya,LBY,2016,361265,5930606,0.05741773790339948
Libya,LBY,2017,272469,6099901,0.04275787501353499
Libya,LBY,2018,217755,6249268,0.03367159819904769
Libya,LBY,2019,316813,6250273,0.04824255385112971
Libya,LBY,2020,811660,5852393,0.1217967504160006
Libya,LBY,2021,53378,6698433,0.00790573077356579
Libya,LBY,2022,63972,6766013,0.00936634560690836
Libya,LBY,2023,57609,6843940,0.008347256536177603
St. Lucia,LCA,2015,35895,141372,0.2024911574066239
St. Lucia,LCA,2016,42659,134860,0.2403066713985545
St. Lucia,LCA,2017,33972,143545,0.1913732205929573
St. Lucia,LCA,2018,25683,151793,0.1447125245103563
St. Lucia,LCA,2019,39971,137335,0.225435123458879
St. Lucia,LCA,2020,62872,114058,0.3553495732775674
St. Lucia,LCA,2021,55762,121170,0.315160626681437
St. Lucia,LCA,2022,58294,118618,0.3295084561816044
St. Lucia,LCA,2023,55104,121776,0.3115332428765265
Sri Lanka,LKA,2015,517808,20194153,0.02500043332449303
Sri Lanka,LKA,2016,1250955,19568165,0.06008683364138349
Sri Lanka,LKA,2017,1302596,19626810,0.06223760005420125
Sri Lanka,LKA,2018,1179022,19860528,0.05603836583957356
Sri Lanka,LKA,2019,1826965,19319555,0.08639553931332437
Sri Lanka,LKA,2020,151921,21095114,0.00715022119556917
Sri Lanka,LKA,2021,426059,20912578,0.01996655175304777
Sri Lanka,LKA,2022,161072,21260833,0.007519032504345435
Sri Lanka,LKA,2023,166351,21331390,0.007738068851048117
Lesotho,LSO,2015,1755405,419276,0.8072011481224143
Lesotho,LSO,2016,1616353,587431,0.7334443847491405
Lesotho,LSO,2017,1583973,645996,0.7103116680097347
Lesotho,LSO,2018,1516362,737632,0.6727444704821752
Lesotho,LSO,2019,1519281,757343,0.6673394464786456
Lesotho,LSO,2020,1151963,1146588,0.5011692148662353
Lesotho,LSO,2021,1356193,964222,0.5844614002236669
Lesotho,LSO,2022,1154481,1187603,0.4929289470403282
Lesotho,LSO,2023,1158354,1204971,0.4901374123322014
Lithuania,LTU,2015,358,2931738,1.220969572619723e-4
Lithuania,LTU,2016,354,2907116,1.217553405538148e-4
Lithuania,LTU,2017,355,2886980,1.229507487007916e-4
Lithuania,LTU,2018,351,2869805,1.22293004282694e-4
Lithuania,LTU,2019,354,2854147,1.240146701647678e-4
Lithuania,LTU,2020,347,2838549,1.222306135906352e-4
Lithuania,LTU,2021,347,2821752,1.229581244314958e-4
Lithuania,LTU,2022,347,2803851,1.23743045248588e-4
Lithuania,LTU,2023,342,2785178,1.227777937333065e-4
Luxembourg,LUX,2015,1096,565700,0.001933676313876598
Luxembourg,LUX,2016,1000,574095,0.001738843147653866
Luxembourg,LUX,2017,1060,580952,0.001821268290000894
Luxembourg,LUX,2018,1982,586046,0.003370587795139007
Luxembourg,LUX,2019,133,593513,2.240392422420096e-4
Luxembourg,LUX,2020,66,599244,1.101266456424889e-4
Luxembourg,LUX,2021,91,605278,1.503215394247145e-4
Luxembourg,LUX,2022,91,611841,1.487093337168182e-4
Luxembourg,LUX,2023,90,618604,1.454677110170779e-4
Latvia,LVA,2015,239,1992660,1.199257965406175e-4
Latvia,LVA,2016,240,1978189,1.213083714401679e-4
Latvia,LVA,2017,236,1965335,1.20066891503792e-4
Latvia,LVA,2018,235,1953492,1.202829259154426e-4
Latvia,LVA,2019,234,1942262,1.204635685221488e-4
Latvia,LVA,2020,232,1931076,1.201258421753547e-4
Latvia,LVA,2021,231,1919515,1.203284184470237e-4
Latvia,LVA,2022,227,1907594,1.189839088677607e-4
Latvia,LVA,2023,225,1895445,1.186915444143759e-4
Morocco,MAR,2015,5880334,28921352,0.1689669287861513
Morocco,MAR,2016,8893256,26356464,0.2522929543837512
Morocco,MAR,2017,5550622,30121440,0.1556013779074504
Morocco,MAR,2018,2815576,33256225,0.07805476638108533
Morocco,MAR,2019,2746950,33704878,0.075358360628718
Morocco,MAR,2020,1461413,35353373,0.03969636004403231
Morocco,MAR,2021,1942430,35221066,0.05226714946301069
Morocco,MAR,2022,1967623,35530335,0.05247280398575304
Morocco,MAR,2023,1870782,35947220,0.04946802848019311
Moldova,MDA,2015,145136,3920457,0.03569860534490295
Moldova,MDA,2016,277333,3783903,0.06828783158624616
Moldova,MDA,2017,412780,3642197,0.1017958918139363
Moldova,MDA,2018,86652,3960574,0.02141022023479786
Moldova,MDA,2019,89648,3949007,0.02219748901552621
Moldova,MDA,2020,37957,3991353,0.009420223313669089
Moldova,MDA,2021,39217,3980631,0.00975584151440552
Moldova,MDA,2022,33004,3976957,0.008230503987445265
Moldova,MDA,2023,32075,3967470,0.008019662236579411
Madagascar,MDG,2015,22019321,2215415,0.908585139941281
Madagascar,MDG,2016,22890459,1985290,0.9201917498041968
Madagascar,MDG,2017,22692057,2828901,0.8891538084111106
Madagascar,MDG,2018,22560268,3609780,0.8620644486399108
Madagascar,MDG,2019,23104578,3717360,0.8614059878894657
Madagascar,MDG,2020,23679513,3796592,0.8618220450096548
Madagascar,MDG,2021,23217670,4914459,0.8253079601618492
Madagascar,MDG,2022,23660937,5128359,0.8218657726121542
Madagascar,MDG,2023,24021433,5426039,0.8157383764555409
Maldives,MDV,2015,41058,377176,0.09816992401382958
Maldives,MDV,2016,11258,414953,0.02641414698353632
Maldives,MDV,2017,6385,427092,0.01472973191195842
Maldives,MDV,2018,272,440041,6.177423787169582e-4
Maldives,MDV,2019,0,446656,0
Maldives,MDV,2020,5128,447712,0.01132408797809381
Maldives,MDV,2021,435,458557,9.477289364520514e-4
Maldives,MDV,2022,0,465186,0
Maldives,MDV,2023,0,471204,0
Mexico,MEX,2015,28407727,97488655,0.2256437123030271
Mexico,MEX,2016,21717055,105681358,0.1704656634929981
Mexico,MEX,2017,20374735,108523846,0.1580679542158808
Mexico,MEX,2018,19235956,111151987,0.1475286407424956
Mexico,MEX,2019,19744186,112113236,0.1497389051031196
Mexico,MEX,2020,23844171,109453584,0.1788790141289326
Mexico,MEX,2021,16024507,118677372,0.1189627577503949
Mexico,MEX,2022,15714989,120354123,0.1154926990337087
Mexico,MEX,2023,15708457,121692003,0.1143260874090232
North Macedonia,MKD,2015,227761,1851441,0.1095425071734252
North Macedonia,MKD,2016,208969,1868720,0.1005776129151187
North Macedonia,MKD,2017,198324,1875577,0.09562847985511362
North Macedonia,MKD,2018,180598,1887730,0.08731593828445004
North Macedonia,MKD,2019,163205,1898714,0.079151993846509
North Macedonia,MKD,2020,105782,1949472,0.051469064164332
North Macedonia,MKD,2021,93370,1955435,0.04557290713367061
North Macedonia,MKD,2022,69886,1972662,0.03421510779673231
North Macedonia,MKD,2023,64502,1971815,0.03167581471843529
Mali,MLI,2015,11980232,5489870,0.6857562709135872
Mali,MLI,2016,13639061,4331405,0.7589709137203231
Mali,MLI,2017,15132659,3358343,0.8183796097150386
Mali,MLI,2018,12684272,6342289,0.6666613057399075
Mali,MLI,2019,14739748,4831687,0.7531255628419684
Mali,MLI,2020,7232758,12887943,0.3594684896912886
Mali,MLI,2021,11175668,9494370,0.5406699300697947
Mali,MLI,2022,10167029,11052867,0.4791271832811999
Mali,MLI,2023,10046189,11725059,0.4614429544874966
Malta,MLT,2015,689,427148,0.001610426400708681
Malta,MLT,2016,378,429203,8.799271848615279e-4
Malta,MLT,2017,708,429668,0.001645073145342677
Malta,MLT,2018,523,429895,0.001215097881594171
Malta,MLT,2019,1208,428859,0.002808864665273085
Malta,MLT,2020,1095,428583,0.00254841997961264
Malta,MLT,2021,793,428729,0.001846238376614003
Malta,MLT,2022,754,428782,0.001755382552335543
Malta,MLT,2023,737,428911,0.001715357688154024
Myanmar (Burma),MMR,2015,12534923,39869032,0.2391980338125243
Myanmar (Burma),MMR,2016,18673609,34056235,0.3541373837555825
Myanmar (Burma),MMR,2017,6814913,46294907,0.1283173808534843
Myanmar (Burma),MMR,2018,1525053,51994797,0.02849509107368575
Myanmar (Burma),MMR,2019,6075046,47861241,0.1126337450703642
Myanmar (Burma),MMR,2020,5905557,48428139,0.1086905076363662
Myanmar (Burma),MMR,2021,5316655,49376985,0.0972079203358928
Myanmar (Burma),MMR,2022,5140239,49877742,0.09342834663453026
Myanmar (Burma),MMR,2023,4757637,50554869,0.08601376694087952
Montenegro,MNE,2015,9361,618542,0.01490835367883256
Montenegro,MNE,2016,8359,620440,0.01329359620482857
Montenegro,MNE,2017,7742,621429,0.01230508081268844
Montenegro,MNE,2018,5772,623390,0.00917410778146169
Montenegro,MNE,2019,5616,623341,0.008929068282887384
Montenegro,MNE,2020,5851,622723,0.0093083710112095
Montenegro,MNE,2021,9836,618522,0.0156534968918992
Montenegro,MNE,2022,4867,623216,0.007748975851917661
Montenegro,MNE,2023,4751,623067,0.007567479747315304
Mongolia,MNG,2015,167078,2809406,0.05613267197135949
Mongolia,MNG,2016,235628,2789264,0.07789633481129243
Mongolia,MNG,2017,426717,2643061,0.1390058173587797
Mongolia,MNG,2018,370253,2741634,0.1189802200401236
Mongolia,MNG,2019,336228,2815378,0.1066846553788767
Mongolia,MNG,2020,184390,3005289,0.05780832491294578
Mongolia,MNG,2021,226474,3000133,0.07018952106655692
Mongolia,MNG,2022,171872,3090461,0.05268376956000506
Mongolia,MNG,2023,156082,3140620,0.0473448919556575
Mozambique,MOZ,2015,19819760,8189206,0.7076219807614462
Mozambique,MOZ,2016,19977869,8795081,0.6943281450111998
Mozambique,MOZ,2017,24536884,4990070,0.8309994996436137
Mozambique,MOZ,2018,24965701,5307671,0.8246752624715873
Mozambique,MOZ,2019,25506659,5508006,0.8224064003270711
Mozambique,MOZ,2020,26500382,5252928,0.8345706951495765
Mozambique,MOZ,2021,28217896,4274121,0.8684562734286394
Mozambique,MOZ,2022,27176379,6052883,0.8178447959512312
Mozambique,MOZ,2023,27361937,6602574,0.8056037373834117
Mauritania,MRT,2015,2913753,1268418,0.6967082407677735
Mauritania,MRT,2016,3466216,825450,0.807662106044599
Mauritania,MRT,2017,3737152,660052,0.849892795512785
Mauritania,MRT,2018,1193479,3306397,0.2652248639740295
Mauritania,MRT,2019,1211169,3389908,0.2632359771418735
Mauritania,MRT,2020,1045823,3655585,0.2224488919064246
Mauritania,MRT,2021,1055913,3746162,0.2198868197602078
Mauritania,MRT,2022,1037657,3865223,0.2116423408282479
Mauritania,MRT,2023,999277,4004172,0.1997176347755318
Mauritius,MUS,2015,53604,1206087,0.04255329283133721
Mauritius,MUS,2016,49271,1210867,0.03909968590741649
Mauritius,MUS,2017,44811,1215153,0.03556530186576759
Mauritius,MUS,2018,41203,1218296,0.03271380128130312
Mauritius,MUS,2019,37714,1220907,0.02996454055668863
Mauritius,MUS,2020,32189,1225513,0.0255935030714748
Mauritius,MUS,2021,29925,1226782,0.02381223308217429
Mauritius,MUS,2022,25481,1230280,0.02029128154163093
Mauritius,MUS,2023,22397,1232314,0.01785032569252999
Malawi,MWI,2015,11817553,5753709,0.6725500422223515
Malawi,MWI,2016,12664195,5467065,0.6984729687842985
Malawi,MWI,2017,5247842,13452129,0.2806336972394236
Malawi,MWI,2018,13601153,5677649,0.7054978312449083
Malawi,MWI,2019,14169770,5699668,0.7131439751844013
Malawi,MWI,2020,14767502,5706038,0.7212969520659349
Malawi,MWI,2021,15284171,5806862,0.7246762640786727
Malawi,MWI,2022,15924721,5797030,0.7331232643261586
Malawi,MWI,2023,16436469,5929066,0.7349016690188721
Malaysia,MYS,2015,1507484,29216814,0.04906488018050079
Malaysia,MYS,2016,1945654,29254144,0.06236110887641003
Malaysia,MYS,2017,4606975,27049133,0.1455319459991734
Malaysia,MYS,2018,616699,31484006,0.0192113849212969
Malaysia,MYS,2019,523024,32018469,0.01607252623596588
Malaysia,MYS,2020,626821,32359362,0.01900253206016592
Malaysia,MYS,2021,626997,32813610,0.01874956994650247
Malaysia,MYS,2022,300607,33601883,0.008866811847743336
Malaysia,MYS,2023,297362,34070507,0.008652325810483042
Namibia,NAM,2015,1283436,1142367,0.5290767634469905
Namibia,NAM,2016,1210559,1266934,0.4886225712847624
Namibia,NAM,2017,1310198,1219820,0.5178611377468461
Namibia,NAM,2018,1245167,1337553,0.4821145923677363
Namibia,NAM,2019,1401936,1233116,0.5320335234371086
Namibia,NAM,2020,1144507,1542106,0.4260036707929277
Namibia,NAM,2021,1082125,1654666,0.3953992102429451
Namibia,NAM,2022,1091735,1694001,0.3919018169704523
Namibia,NAM,2023,1095886,1737644,0.3867564486700335
Niger,NER,2015,17741915,2153202,0.8917723379058289
Niger,NER,2016,18063112,2589581,0.8746129136766813
Niger,NER,2017,19125099,2298142,0.8927266887395796
Niger,NER,2018,19695618,2513128,0.8868406167552189
Niger,NER,2019,20402229,2609492,0.8866016148900815
Niger,NER,2020,18486350,5349479,0.775569836484395
Niger,NER,2021,19571786,5109696,0.7929745061499953
Niger,NER,2022,14329015,11221769,0.5608052966202525
Niger,NER,2023,14268891,12173623,0.539619303973896
Nigeria,NGA,2015,92479359,88702467,0.5104229328166723
Nigeria,NGA,2016,45633765,140222249,0.2455328940821899
Nigeria,NGA,2017,70676394,119945032,0.3707683626288684
Nigeria,NGA,2018,68752640,126711263,0.3517408531436109
Nigeria,NGA,2019,72799969,127569346,0.3633289308794613
Nigeria,NGA,2020,54961451,150362028,0.2676822507960719
Nigeria,NGA,2021,64518445,145797947,0.3067685042828235
Nigeria,NGA,2022,65656064,149697855,0.3048751761977455
Nigeria,NGA,2023,66634226,153811680,0.3022701904929003
Nicaragua,NIC,2015,2775264,3306116,0.4563543143168162
Nicaragua,NIC,2016,3503283,2650790,0.5692625030609809
Nicaragua,NIC,2017,3502982,2725082,0.5624511886839956
Nicaragua,NIC,2018,3704880,2597320,0.58787090222462
Nicaragua,NIC,2019,3430936,2944591,0.5381415528473176
Nicaragua,NIC,2020,2564103,3882659,0.397735017982671
Nicaragua,NIC,2021,2392901,4122248,0.367282620857942
Nicaragua,NIC,2022,1762494,4818282,0.2678246456041051
Nicaragua,NIC,2023,1735351,4908501,0.2611965167195175
Netherlands,NLD,2015,114739,16823946,0.006773784387631035
Netherlands,NLD,2016,137323,16855981,0.008081006495264253
Netherlands,NLD,2017,161947,16886276,0.009499347820591038
Netherlands,NLD,2018,153172,16950288,0.008955614828812415
Netherlands,NLD,2019,157082,17001804,0.009154557003292638
Netherlands,NLD,2020,131806,17082698,0.007656682992434751
Netherlands,NLD,2021,104774,17165370,0.00606677049131727
Netherlands,NLD,2022,101334,17224313,0.005848785906812023
Netherlands,NLD,2023,101376,17279294,0.005832686542003271
Norway,NOR,2015,37701,5161752,0.007250955052387241
Norway,NOR,2016,45284,5198382,0.008635942868977543
Norway,NOR,2017,47748,5233105,0.009041721100738838
Norway,NOR,2018,39212,5274540,0.007379343258774591
Norway,NOR,2019,40406,5304293,0.007560014137372376
Norway,NOR,2020,43322,5333064,0.008057829181163703
Norway,NOR,2021,42048,5368779,0.00777108563995855
Norway,NOR,2022,33891,5413621,0.00622137225214006
Norway,NOR,2023,33523,5452343,0.00611079454000517
Nepal,NPL,2015,15994788,12663535,0.5581201663474865
Nepal,NPL,2016,12538936,16504059,0.4317370161031946
Nepal,NPL,2017,18362703,11067377,0.6239433599908665
Nepal,NPL,2018,8522307,21296113,0.2858067932506149
Nepal,NPL,2019,4034120,26173465,0.1335465910300344
Nepal,NPL,2020,6344385,24252318,0.2073551846419531
Nepal,NPL,2021,6024214,24960380,0.194426107374523
Nepal,NPL,2022,6967595,24403026,0.2221057402720845
Nepal,NPL,2023,6531005,25222436,0.2056786538504599
New Zealand,NZL,2015,43830,4570968,0.009497707158579855
New Zealand,NZL,2016,43725,4612437,0.009390781506313568
New Zealand,NZL,2017,45110,4648686,0.009610558277351636
New Zealand,NZL,2018,41466,4687529,0.00876845926037139
New Zealand,NZL,2019,41595,4721447,0.008732864417319856
New Zealand,NZL,2020,37302,4759912,0.007775763182547204
New Zealand,NZL,2021,36676,4795855,0.007589397771064479
New Zealand,NZL,2022,34188,4834579,0.007021901027508607
New Zealand,NZL,2023,34144,4871360,0.006960344951303678
Oman,OMN,2015,83185,4116400,0.01980790959106674
Oman,OMN,2016,76292,4270630,0.01755080951533062
Oman,OMN,2017,60611,4389387,0.01362045555975531
Oman,OMN,2018,59454,4463684,0.01314441434243218
Oman,OMN,2019,64972,4515691,0.01418397293142936
Oman,OMN,2020,44326,4592660,0.009559226618324921
Oman,OMN,2021,43542,4659811,0.009257650871622862
Oman,OMN,2022,33233,4745643,0.006954145702880761
Oman,OMN,2023,33047,4826384,0.006800590439497958
Pakistan,PAK,2015,44368485,145019819,0.2342725715522538
Pakistan,PAK,2016,51510482,141779581,0.2664931719743917
Pakistan,PAK,2017,110336393,86862651,0.5595178899548824
Pakistan,PAK,2018,46022098,155082353,0.2288467399460989
Pakistan,PAK,2019,28214780,176780416,0.1376362985598941
Pakistan,PAK,2020,12217765,196642587,0.05849729200877724
Pakistan,PAK,2021,9291615,203399018,0.04368605645176673
Pakistan,PAK,2022,8330292,208151874,0.03848026908599944
Pakistan,PAK,2023,8399468,211833261,0.03813905425473795
Panama,PAN,2015,848436,3120766,0.2137548051220371
Panama,PAN,2016,825760,3203110,0.2049606961753544
Panama,PAN,2017,825985,3259761,0.2021625916050582
Panama,PAN,2018,587199,3553222,0.1418210853437368
Panama,PAN,2019,562466,3631100,0.1341259443633414
Panama,PAN,2020,835369,3410449,0.1967510147632329
Panama,PAN,2021,685325,3612235,0.1594683960200672
Panama,PAN,2022,641619,3707247,0.1475370820807079
Panama,PAN,2023,626101,3773413,0.1423114007592657
Peru,PER,2015,8270581,23106317,0.2635882297861312
Peru,PER,2016,9586123,22182538,0.3017477821932753
Peru,PER,2017,9560115,22589326,0.29736489041909
Peru,PER,2018,6497570,26022081,0.1998044197952801
Peru,PER,2019,6393524,26485936,0.1944534368873455
Peru,PER,2020,7475516,25753568,0.2249690662553322
Peru,PER,2021,6656226,26912626,0.1982857799247946
Peru,PER,2022,4726488,29172487,0.1394286405414913
Peru,PER,2023,4651968,29567647,0.135944486809685
Philippines,PHL,2015,52109201,49614093,0.5122641919165536
Philippines,PHL,2016,25184646,78121503,0.2437865145858839
Philippines,PHL,2017,24196695,80664247,0.2307503112073893
Philippines,PHL,2018,30674393,75717419,0.2883153545688272
Philippines,PHL,2019,21987679,85915161,0.2037729405454018
Philippines,PHL,2020,22498825,86899234,0.2056601845193615
Philippines,PHL,2021,25091512,85789211,0.2262928245877329
Philippines,PHL,2022,20025752,92324424,0.1782440643439669
Philippines,PHL,2023,18938853,94866022,0.1664151294046059
Papua New Guinea,PNG,2015,6589653,1328482,0.8322228656116624
Papua New Guinea,PNG,2016,5555425,2520217,0.6879236350496963
Papua New Guinea,PNG,2017,6271985,1959009,0.7619960602571209
Papua New Guinea,PNG,2018,4886006,3498256,0.58275922198042
Papua New Guinea,PNG,2019,5783553,2752142,0.6775725936786635
Papua New Guinea,PNG,2020,6141996,2543666,0.7071419541768952
Papua New Guinea,PNG,2021,7752804,1081057,0.8776234989434405
Papua New Guinea,PNG,2022,5275276,3705046,0.5874261524252694
Papua New Guinea,PNG,2023,5226869,3898609,0.5727775575153433
Poland,POL,2015,518670,37744330,0.01355539293834775
Poland,POL,2016,566359,37636227,0.01482514822425895
Poland,POL,2017,317527,37838097,0.008321892468591262
Poland,POL,2018,344249,37771217,0.009031740553821381
Poland,POL,2019,309979,37765148,0.008141246646399893
Poland,POL,2020,245688,37782214,0.006460729808339151
Poland,POL,2021,302068,37666278,0.0079557850636949
Poland,POL,2022,288057,37608615,0.007601116003009447
Poland,POL,2023,286134,37528346,0.007566783940966529
Portugal,PRT,2015,142707,10274481,0.0136991863831199
Portugal,PRT,2016,68513,10304164,0.00660514156567297
Portugal,PRT,2017,97309,10232799,0.00941994023683005
Portugal,PRT,2018,58059,10230376,0.00564313231312634
Portugal,PRT,2019,27374,10219369,0.002671483026362621
Portugal,PRT,2020,18478,10185731,0.001810821397327319
Portugal,PRT,2021,8556,10151436,8.421266473438168e-4
Portugal,PRT,2022,7025,10107323,6.94557869671876e-4
Portugal,PRT,2023,6725,10060992,6.679766624349889e-4
Paraguay,PRY,2015,1273073,5366216,0.1917483935403324
Paraguay,PRY,2016,1563330,5166905,0.2322846081897586
Paraguay,PRY,2017,1385076,5437063,0.2030266460416594
Paraguay,PRY,2018,2426476,4487834,0.350935378945983
Paraguay,PRY,2019,2138812,4867304,0.305277845813572
Paraguay,PRY,2020,1425998,5670955,0.200931019269819
Paraguay,PRY,2021,669895,6516121,0.09322203012072336
Paraguay,PRY,2022,693945,6579457,0.09540858596843678
Paraguay,PRY,2023,656088,6702987,0.08915359607015827
Qatar,QAT,2015,292,2480890,1.176858448916686e-4
Qatar,QAT,2016,307,2559785,1.199175654624912e-4
Qatar,QAT,2017,311,2621032,1.186414749996471e-4
Qatar,QAT,2018,320,2670477,1.198144224364488e-4
Qatar,QAT,2019,324,2713955,1.193687163331404e-4
Qatar,QAT,2020,333,2757389,1.207518379300016e-4
Qatar,QAT,2021,335,2805165,1.194083051149528e-4
Qatar,QAT,2022,345,2857167,1.207344011153759e-4
Qatar,QAT,2023,349,2911722,1.198459790300443e-4
Romania,ROU,2015,628388,19246721,0.03161683289384727
Romania,ROU,2016,560555,19214862,0.02834605207060868
Romania,ROU,2017,431371,19222340,0.02194857754853523
Romania,ROU,2018,645935,18870616,0.03309678026614436
Romania,ROU,2019,918903,18451826,0.04743770872020356
Romania,ROU,2020,621233,18601780,0.03231715028232047
Romania,ROU,2021,283272,18795345,0.01484761709928974
Romania,ROU,2022,251244,18686142,0.01326708976624335
Romania,ROU,2023,229641,18567860,0.01221657070266947
Russia,RUS,2015,1458237,142429646,0.01013453648491027
Russia,RUS,2016,2069680,141807274,0.01438506961997541
Russia,RUS,2017,1982158,141802821,0.01378557074449342
Russia,RUS,2018,1933469,141694678,0.01346163019146937
Russia,RUS,2019,1720138,141702441,0.01199349511069662
Russia,RUS,2020,1341952,141842333,0.009372201704956657
Russia,RUS,2021,1256061,141670430,0.00878816090153644
Russia,RUS,2022,1272195,141377442,0.00891831922432442
Russia,RUS,2023,1265589,141085646,0.008890607798379831
Rwanda,RWA,2015,9722153,1904702,0.8361808072776344
Rwanda,RWA,2016,11269391,655386,0.9450399785253846
Rwanda,RWA,2017,11800480,428755,0.964940161833508
Rwanda,RWA,2018,9596946,2941369,0.7654095466575852
Rwanda,RWA,2019,9709632,3140379,0.7556127383859828
Rwanda,RWA,2020,9315913,3846656,0.7077579612308205
Rwanda,RWA,2021,9198303,4276206,0.6826447627887592
Rwanda,RWA,2022,7549809,6236135,0.5476454133282421
Rwanda,RWA,2023,7423093,6674619,0.5265459388019843
Saudi Arabia,SAU,2015,242,31554149,7.669297119377142e-6
Saudi Arabia,SAU,2016,121,32278391,3.748623852301494e-6
Saudi Arabia,SAU,2017,573380,32357808,0.01741145809862675
Saudi Arabia,SAU,2018,4044,33529041,1.205973145626178e-4
Saudi Arabia,SAU,2019,14687,34090613,4.306368804848513e-4
Saudi Arabia,SAU,2020,522,34668200,1.505679961320755e-5
Saudi Arabia,SAU,2021,527,35239022,1.495478843954558e-5
Saudi Arabia,SAU,2022,260,35816157,7.25924092295441e-6
Saudi Arabia,SAU,2023,264,36392826,7.254124340637193e-6
Sudan,SDN,2015,6664487,31978091,0.1724648650511878
Sudan,SDN,2016,6181626,33223405,0.1568740296131222
Sudan,SDN,2017,19018149,21243706,0.4723614696838981
Sudan,SDN,2018,15550267,25630519,0.3776097668461209
Sudan,SDN,2019,8519836,33609796,0.2022290629075516
Sudan,SDN,2020,18647778,24427371,0.4329126754732758
Sudan,SDN,2021,1317171,42675260,0.02994085505299764
Sudan,SDN,2022,9863561,35019290,0.21976235422299711
Sudan,SDN,2023,9901112,35853716,0.2163949124669423
Senegal,SEN,2015,7444693,7533946,0.4970206572172545
Senegal,SEN,2016,6449878,8960384,0.4185443440221847
Senegal,SEN,2017,6867128,8974632,0.4334826433426589
Senegal,SEN,2018,5620994,10651770,0.3454234326756045
Senegal,SEN,2019,6606010,10096955,0.3954992422004117
Senegal,SEN,2020,4190029,12942004,0.244572783627022
Senegal,SEN,2021,4042737,13517074,0.2302266806858001
Senegal,SEN,2022,3961025,14025332,0.2202238618971035
Senegal,SEN,2023,3582061,14829572,0.1945542255811855
Singapore,SGP,2015,51546,5483953,0.009311897626573503
Singapore,SGP,2016,52281,5550896,0.009330599408157194
Singapore,SGP,2017,52663,5611255,0.009297980655793393
Singapore,SGP,2018,52839,5667347,0.009237287039267605
Singapore,SGP,2019,50753,5723606,0.008789373850846475
Singapore,SGP,2020,53725,5775119,0.009217093475138466
Singapore,SGP,2021,45450,5839958,0.007722489247984167
Singapore,SGP,2022,45372,5898523,0.007633378449652963
Singapore,SGP,2023,45459,5958140,0.00757195808714073
Solomon Islands,SLB,2015,565447,21929,0.9626661627305168
Solomon Islands,SLB,2016,388235,212139,0.646655251559861
Solomon Islands,SLB,2017,515694,97943,0.84038935070734
Solomon Islands,SLB,2018,467133,159902,0.7449871219309927
Solomon Islands,SLB,2019,476870,163635,0.7445219006877386
Solomon Islands,SLB,2020,469817,184047,0.7185240355792641
Solomon Islands,SLB,2021,487005,180071,0.7300592436244147
Solomon Islands,SLB,2022,518746,161381,0.7627193156572228
Solomon Islands,SLB,2023,526256,166789,0.759338859670007
Sierra Leone,SLE,2015,6590045,647438,0.9105437622444157
Sierra Leone,SLE,2016,6610686,781536,0.8942759024282549
Sierra Leone,SLE,2017,7125690,427017,0.9434617283577927
Sierra Leone,SLE,2018,6085613,1630898,0.7886482634444505
Sierra Leone,SLE,2019,6136233,1745916,0.7784974630649586
Sierra Leone,SLE,2020,5227097,2819969,0.6495655683698879
Sierra Leone,SLE,2021,5285795,2924406,0.6438082331967269
Sierra Leone,SLE,2022,1251814,7119291,0.1495398755600366
Sierra Leone,SLE,2023,1233442,7296830,0.1445958581391074
El Salvador,SLV,2015,1851234,4462366,0.2932136974151039
El Salvador,SLV,2016,1095853,5252737,0.172613603965605
El Salvador,SLV,2017,980195,5404718,0.1535173619436944
El Salvador,SLV,2018,1265901,5155604,0.1971346280973074
El Salvador,SLV,2019,1113420,5343891,0.1724278108952782
El Salvador,SLV,2020,612121,5878981,0.09430155311070447
El Salvador,SLV,2021,734876,5787429,0.112671210561297
El Salvador,SLV,2022,429357,6121350,0.06554361231543404
El Salvador,SLV,2023,417881,6158658,0.0635411726441522
Serbia,SRB,2015,47763,7000036,0.006777009389739974
Serbia,SRB,2016,25016,6968341,0.003577108962119337
Serbia,SRB,2017,0,6939005,0
Serbia,SRB,2018,823,6890991,1.194170359211668e-4
Serbia,SRB,2019,819,6844681,1.196406398363889e-4
Serbia,SRB,2020,814,6798988,1.197093680080685e-4
Serbia,SRB,2021,805,6750653,1.192335048222177e-4
Serbia,SRB,2022,798,6703329,1.190311579717986e-4
Serbia,SRB,2023,790,6657322,1.186522545730682e-4
Suriname,SUR,2015,7360,545454,0.0133137004489756
Suriname,SUR,2016,15642,540744,0.02811357582685402
Suriname,SUR,2017,15219,543895,0.027219851407763
Suriname,SUR,2018,7534,553786,0.01342193401268439
Suriname,SUR,2019,7426,555720,0.01318663366160818
Suriname,SUR,2020,11584,553097,0.0205142372419118
Suriname,SUR,2021,9998,556336,0.01765389328558766
Suriname,SUR,2022,12575,555347,0.02214212515098904
Suriname,SUR,2023,11941,557503,0.02096957734210915
Slovakia,SVK,2015,51446,5388148,0.009457691143861104
Slovakia,SVK,2016,50167,5390395,0.009220922397355273
Slovakia,SVK,2017,48535,5391155,0.008922383444644823
Slovakia,SVK,2018,47028,5390371,0.00864898823867809
Slovakia,SVK,2019,45974,5388047,0.008460401606839576
Slovakia,SVK,2020,34709,5395151,0.006392245840592575
Slovakia,SVK,2021,37214,5388152,0.00685926073927547
Slovakia,SVK,2022,33516,5386696,0.00618352197294128
Slovakia,SVK,2023,32982,5381313,0.006091651821705319
Slovenia,SVN,2015,12320,2062464,0.005937967518546509
Slovenia,SVN,2016,14734,2063480,0.007089741479943837
Slovenia,SVN,2017,14527,2067769,0.006976433705870827
Slovenia,SVN,2018,14071,2072618,0.006743218562996211
Slovenia,SVN,2019,13442,2077479,0.006428745992794563
Slovenia,SVN,2020,14479,2080351,0.00691177804404176
Slovenia,SVN,2021,10695,2087226,0.005097904067884349
Slovenia,SVN,2022,9256,2091119,0.004406832113313099
Slovenia,SVN,2023,9121,2093131,0.004338680614883468
Sweden,SWE,2015,92953,9670829,0.00952018387956634
Sweden,SWE,2016,91682,9734589,0.00933029426931132
Sweden,SWE,2017,88501,9795338,0.008954111858762572
Sweden,SWE,2018,100865,9837846,0.01014870036969583
Sweden,SWE,2019,91642,9901265,0.009170704780901094
Sweden,SWE,2020,92858,9955664,0.009240961008992169
Sweden,SWE,2021,84667,10022368,0.00837703639098905
Sweden,SWE,2022,84304,10083476,0.008291288757231176
Sweden,SWE,2023,85124,10144731,0.008321134561535819
Eswatini,SWZ,2015,931000,388135,0.7057655205873546
Eswatini,SWZ,2016,1007784,334335,0.7508901967709272
Eswatini,SWZ,2017,872872,491981,0.6395355397247908
Eswatini,SWZ,2018,937932,449233,0.6761502777247119
Eswatini,SWZ,2019,998732,410356,0.7087790116727983
Eswatini,SWZ,2020,938131,492297,0.6558393711532492
Eswatini,SWZ,2021,891379,559844,0.6142260700112939
Eswatini,SWZ,2022,899903,571530,0.6115827224209325
Eswatini,SWZ,2023,910117,580885,0.6104062905348215
Chad,TCD,2015,9188729,4820201,0.6559194028380468
Chad,TCD,2016,12450192,1991522,0.8620993325307509
Chad,TCD,2017,13922843,949486,0.9361575446589435
Chad,TCD,2018,11122398,4181114,0.726787289087629
Chad,TCD,2019,13047206,2689615,0.8290877808167227
Chad,TCD,2020,12009927,4166866,0.7424170538622828
Chad,TCD,2021,13969158,2653574,0.8403647487067709
Chad,TCD,2022,14315494,2760300,0.8383501229869603
Chad,TCD,2023,14655053,2878865,0.8358116537330675
Togo,TGO,2015,5153597,2262536,0.6949170140287397
Togo,TGO,2016,5177135,2426079,0.6809140187294478
Togo,TGO,2017,5912020,1870259,0.7596772102362302
Togo,TGO,2018,6017722,1937362,0.7564624081907871
Togo,TGO,2019,6129635,1994818,0.7544674084519906
Togo,TGO,2020,5487601,2804225,0.6618085087651381
Togo,TGO,2021,6363990,2095545,0.7522860299058991
Togo,TGO,2022,5421383,3206416,0.6283622277245912
Togo,TGO,2023,5310189,3484651,0.6037846055186905
Thailand,THA,2015,2234249,66425875,0.03254070732525913
Thailand,THA,2016,2582871,66360025,0.0374639179648038
Thailand,THA,2017,7645421,61531727,0.1105194594029809
Thailand,THA,2018,2539812,66833533,0.03661077608409974
Thailand,THA,2019,1681894,67859783,0.02418541042661367
Thailand,THA,2020,1911667,67781011,0.02742995469337539
Thailand,THA,2021,1906075,67928211,0.0272942577232049
Thailand,THA,2022,1693335,68271842,0.02420254007218477
Thailand,THA,2023,1485381,68596686,0.0211948799969042
Tajikistan,TJK,2015,6338867,2210871,0.7414106724673902
Tajikistan,TJK,2016,3123983,5604553,0.3579045787288956
Tajikistan,TJK,2017,4140645,4762375,0.4650831964883826
Tajikistan,TJK,2018,2720620,6352918,0.2998411424518198
Tajikistan,TJK,2019,2510188,6730161,0.271655107399082
Tajikistan,TJK,2020,3599337,5804424,0.382755048751239
Tajikistan,TJK,2021,3261382,6302496,0.3410104143946629
Tajikistan,TJK,2022,2008046,7712479,0.2065779368912687
Tajikistan,TJK,2023,1935325,7938105,0.1960134421371297
Timor-Leste,TLS,2015,782164,458798,0.6302884375186347
Timor-Leste,TLS,2016,782372,488254,0.6157374396557288
Timor-Leste,TLS,2017,1067855,234609,0.819872948503759
Timor-Leste,TLS,2018,825312,510611,0.6177841088146547
Timor-Leste,TLS,2019,616014,754474,0.4494851468965799
Timor-Leste,TLS,2020,689033,716614,0.4901892153577677
Timor-Leste,TLS,2021,760495,680453,0.5277740765107415
Timor-Leste,TLS,2022,770428,705979,0.521826298574851
Timor-Leste,TLS,2023,770164,741899,0.5093465020968042
Tonga,TON,2015,10054,95962,0.09483474192574706
Tonga,TON,2016,15064,91229,0.1417214680176493
Tonga,TON,2017,8458,98145,0.07934110672307533
Tonga,TON,2018,8307,98534,0.0777510506266321
Tonga,TON,2019,6055,101020,0.05654914779360262
Tonga,TON,2020,8955,98320,0.08347704497786064
Tonga,TON,2021,6358,100855,0.05930250995681494
Tonga,TON,2022,6763,100487,0.06305827505827506
Tonga,TON,2023,6172,101030,0.05757355273222514
Trinidad & Tobago,TTO,2015,17456,1343149,0.012829586838208
Trinidad & Tobago,TTO,2016,117020,1244707,0.08593499284364634
Trinidad & Tobago,TTO,2017,20832,1339588,0.01531291806941974
Trinidad & Tobago,TTO,2018,91416,1265998,0.06734570293219312
Trinidad & Tobago,TTO,2019,124696,1228565,0.09214482645993641
Trinidad & Tobago,TTO,2020,47317,1301178,0.03508874708471296
Trinidad & Tobago,TTO,2021,47611,1295983,0.0354355556812549
Trinidad & Tobago,TTO,2022,67356,1271308,0.05031583728254439
Trinidad & Tobago,TTO,2023,61213,1272221,0.0459062840755523
Tunisia,TUN,2015,272674,11002047,0.02418454523176227
Tunisia,TUN,2016,258754,11138045,0.02270409436895395
Tunisia,TUN,2017,248573,11266016,0.02158765718863261
Tunisia,TUN,2018,239095,11388531,0.0205626668762824
Tunisia,TUN,2019,462578,11273091,0.03941641503351875
Tunisia,TUN,2020,282505,11555873,0.023863488731311
Tunisia,TUN,2021,202600,11732864,0.01697462285504778
Tunisia,TUN,2022,196437,11830417,0.01633319902278684
Tunisia,TUN,2023,192907,11919676,0.01592616537694726
Turkey,TUR,2015,2450077,75821416,0.03130229034982123
Turkey,TUR,2016,7056259,72191227,0.08904079304168715
Turkey,TUR,2017,4649903,75453831,0.05804851743865024
Turkey,TUR,2018,4403567,76470251,0.05444984679714268
Turkey,TUR,2019,3922038,77669307,0.04806928970223496
Turkey,TUR,2020,2174588,80115289,0.02642594787205722
Turkey,TUR,2021,1309592,81686549,0.01577895049361391
Turkey,TUR,2022,899703,82808969,0.01074802620211201
Turkey,TUR,2023,886666,83532709,0.01050311021610856
Tanzania,TZA,2015,29014845,24871335,0.5384468707932164
Tanzania,TZA,2016,30129363,25453794,0.542059224883538
Tanzania,TZA,2017,38483376,18820189,0.67157036390318825
Tanzania,TZA,2018,43999810,15043715,0.7452097414576789
Tanzania,TZA,2019,45287781,15511626,0.7448720840320038
Tanzania,TZA,2020,41548016,21019716,0.664048618543501
Tanzania,TZA,2021,39866378,24478658,0.6195719278173999
Tanzania,TZA,2022,40456122,25677521,0.6117328513113969
Tanzania,TZA,2023,40789918,27143392,0.6004406085909844
Uganda,UGA,2015,30636770,9506639,0.7631830669886556
Uganda,UGA,2016,34290127,7209736,0.8262708481712338
Uganda,UGA,2017,37331053,5560674,0.8703555583108137
Uganda,UGA,2018,30184392,14132605,0.681101925746458
Uganda,UGA,2019,34701220,11072123,0.7581098020304088
Uganda,UGA,2020,31876468,15382170,0.6745109327949739
Uganda,UGA,2021,32366714,16404764,0.6636402120107986
Uganda,UGA,2022,30930219,19381367,0.6147732850242487
Uganda,UGA,2023,31245466,20634206,0.6022679942926393
Ukraine,UKR,2015,591739,44068842,0.01324969328097187
Ukraine,UKR,2016,475149,43972796,0.01069001052804578
Ukraine,UKR,2017,452514,43791860,0.01022760543521307
Ukraine,UKR,2018,437506,43608620,0.009932905336555591
Ukraine,UKR,2019,440924,43407773,0.01005557816233399
Ukraine,UKR,2020,407103,43240550,0.00932703071113583
Ukraine,UKR,2021,379484,43060215,0.008735880052944197
Ukraine,UKR,2022,591866,42633362,0.01369260562373436
Ukraine,UKR,2023,547862,42457672,0.01273933722111206
Uruguay,URY,2015,61629,3370068,0.01795875335147596
Uruguay,URY,2016,47130,3391919,0.01370437001624577
Uruguay,URY,2017,41647,3403170,0.01208975687242602
Uruguay,URY,2018,127066,3322098,0.036839651579339223
Uruguay,URY,2019,137982,3314516,0.03996584502004056
Uruguay,URY,2020,45752,3409371,0.01324178618243113
Uruguay,URY,2021,42386,3414724,0.01226052974883646
Uruguay,URY,2022,38944,3419732,0.01125979999282963
Uruguay,URY,2023,37411,3422217,0.01081359036289451
United States,USA,2015,4685767,315221115,0.01464728414314013
United States,USA,2016,4194134,317731994,0.01302824976045436
United States,USA,2017,6749017,317393064,0.02082116885033511
United States,USA,2018,4036762,322453891,0.01236409668364993
United States,USA,2019,3841422,325066495,0.01167932360837638
United States,USA,2020,3467996,327861915,0.01046689684469809
United States,USA,2021,4301774,329404041,0.01289091710913099
United States,USA,2022,4840459,331196913,0.01440452581565838
United States,USA,2023,4840202,333499451,0.0143057485490771
Uzbekistan,UZB,2015,16989519,13987418,0.5484570343413876
Uzbekistan,UZB,2016,26057556,5382229,0.8288083394972325
Uzbekistan,UZB,2017,28598635,3293734,0.8967234450347668
Uzbekistan,UZB,2018,20587554,11746333,0.6367175712589086
Uzbekistan,UZB,2019,21806380,10957329,0.6655650616357263
Uzbekistan,UZB,2020,15840781,17340435,0.477402063866496
Uzbekistan,UZB,2021,14866994,18718701,0.4426585187532966
Uzbekistan,UZB,2022,14630328,19346540,0.4305967224524638
Uzbekistan,UZB,2023,14438048,19916237,0.4202692036815786
St. Vincent & Grenadines,VCT,2015,20493,88834,0.1874468338104951
St. Vincent & Grenadines,VCT,2016,19461,89571,0.1784888839973586
St. Vincent & Grenadines,VCT,2017,27312,81201,0.2516933454977744
St. Vincent & Grenadines,VCT,2018,18138,89753,0.1681141151717938
St. Vincent & Grenadines,VCT,2019,25381,81778,0.2368536473837942
St. Vincent & Grenadines,VCT,2020,23262,83178,0.2185456595264938
St. Vincent & Grenadines,VCT,2021,26040,79730,0.2461945731303772
St. Vincent & Grenadines,VCT,2022,25061,80024,0.2384831327020983
St. Vincent & Grenadines,VCT,2023,23365,81021,0.2238326978713621
Venezuela,VEN,2015,15059704,16098346,0.4833326860955676
Venezuela,VEN,2016,31538359,35769,0.9988671421107813
Venezuela,VEN,2017,19642738,12343438,0.6141008540689578
Venezuela,VEN,2018,21029961,11364469,0.649184473997536
Venezuela,VEN,2019,25947738,6848725,0.791174889804428
Venezuela,VEN,2020,25812917,7379514,0.7776747957990784
Venezuela,VEN,2021,26203973,7376425,0.7803353909027523
Venezuela,VEN,2022,25869317,8091489,0.7617403721219101
Venezuela,VEN,2023,25431173,8903432,0.740686342539837
Vietnam,VNM,2015,8838996,84741188,0.0944537146881438
Vietnam,VNM,2016,13804344,80722911,0.1460355957654753
Vietnam,VNM,2017,18592408,76820209,0.1948632013730427
Vietnam,VNM,2018,6407343,89841294,0.06657074011344181
Vietnam,VNM,2019,5411678,91636140,0.05576300540832355
Vietnam,VNM,2020,4137231,93685301,0.04229323158390543
Vietnam,VNM,2021,2030648,96551052,0.02059863037460299
Vietnam,VNM,2022,1646354,97674831,0.01657606078703149
Vietnam,VNM,2023,1369838,98663222,0.01369385281226027
Vanuatu,VUT,2015,125493,138611,0.4751650864810832
Vanuatu,VUT,2016,190479,79017,0.7067971324249711
Vanuatu,VUT,2017,239225,35588,0.8705010316105861
Vanuatu,VUT,2018,105242,174802,0.375805230606619
Vanuatu,VUT,2019,124381,160756,0.4362148721491774
Vanuatu,VUT,2020,140609,149582,0.4845394929546402
Vanuatu,VUT,2021,92820,202373,0.3144383505028913
Vanuatu,VUT,2022,94339,205816,0.3143009445120021
Vanuatu,VUT,2023,93538,211384,0.306760417418225
Samoa,WSM,2015,44913,148832,0.2318150145810214
Samoa,WSM,2016,57393,137504,0.294478622041386
Samoa,WSM,2017,71280,124549,0.3639910329930705
Samoa,WSM,2018,40666,155924,0.2068569103209726
Samoa,WSM,2019,39903,157320,0.2023242725239957
Samoa,WSM,2020,37052,160771,0.1872987468595664
Samoa,WSM,2021,30099,168224,0.1517675710835354
Samoa,WSM,2022,34396,164368,0.1730494455736451
Samoa,WSM,2023,31473,167654,0.1580549096807565
Yemen,YEM,2015,11204413,15711948,0.4162677488238473
Yemen,YEM,2016,19536172,8084592,0.707300203571487
Yemen,YEM,2017,21140807,7199940,0.7459509447651468
Yemen,YEM,2018,21881080,7192290,0.752615881818998
Yemen,YEM,2019,24840191,4975494,0.8331249474898866
Yemen,YEM,2020,19672927,10891949,0.6436449145090594
Yemen,YEM,2021,6160015,25158639,0.1966883698130833
Yemen,YEM,2022,6375864,25700186,0.1987733527039645
Yemen,YEM,2023,6385903,26451445,0.1944707288785928
South Africa,ZAF,2015,23888073,31400646,0.4320605257647586
South Africa,ZAF,2016,24303387,31724848,0.4337703481110908
South Africa,ZAF,2017,24546227,32181693,0.4327009874502714
South Africa,ZAF,2018,31849887,25546349,0.5549124684761558
South Africa,ZAF,2019,33970133,24071398,0.5852728626334822
South Africa,ZAF,2020,29173394,29498914,0.4972259485684456
South Africa,ZAF,2021,25839835,33455257,0.4357837070224969
South Africa,ZAF,2022,25879365,34029779,0.4319768781874099
South Africa,ZAF,2023,26113215,34398724,0.4315382291749071
Zambia,ZMB,2015,13311132,2788110,0.8268173122684906
Zambia,ZMB,2016,13707133,2896757,0.8255374493567471
Zambia,ZMB,2017,14957049,2172458,0.8731745169315147
Zambia,ZMB,2018,12991670,4679791,0.7351780364962467
Zambia,ZMB,2019,13473192,4751195,0.7392946605007894
Zambia,ZMB,2020,11060715,7722791,0.5888525283831464
Zambia,ZMB,2021,13058602,6286072,0.6750489566275452
Zambia,ZMB,2022,11648913,8259418,0.5851275528822582
Zambia,ZMB,2023,11926133,8549262,0.5824616814474153
Zimbabwe,ZWE,2015,15472474,303984,0.9807317967062061
Zimbabwe,ZWE,2016,14846147,1300812,0.9194391959501477
Zimbabwe,ZWE,2017,16052070,459804,0.9721531305289757
Zimbabwe,ZWE,2018,14883619,1986221,0.8822620131548373
Zimbabwe,ZWE,2019,13346287,3873904,0.7750371061505648
Zimbabwe,ZWE,2020,12497198,5064657,0.7116103623449801
Zimbabwe,ZWE,2021,13970734,3923613,0.780734496765934
Zimbabwe,ZWE,2022,10609074,7609264,0.582329408972432
Zimbabwe,ZWE,2023,10717441,7817187,0.5782387971315097
