"Province","year","gdp","gdp_agriculture_forest_fish","gdp_mining_quarry","gdp_manufacturing","gdp_electricity_gas_water","gdp_construction","gdp_trade_cater_accom","gdp_transport_store_comms","gdp_fin_realestate_biz","gdp_personal_services","gdp_govt_services","gdp_tax","electricity","pop_Male_0-4","pop_Male_5-9","pop_Male_10-14","pop_Male_15-19","pop_Male_20-24","pop_Male_25-29","pop_Male_30-34","pop_Male_35-39","pop_Male_40-44","pop_Male_45-49","pop_Male_50-54","pop_Male_55-59","pop_Male_60-64","pop_Male_65-69","pop_Male_70-74","pop_Male_75-79","pop_Male_80+","pop_Female_0-4","pop_Female_5-9","pop_Female_10-14","pop_Female_15-19","pop_Female_20-24","pop_Female_25-29","pop_Female_30-34","pop_Female_35-39","pop_Female_40-44","pop_Female_45-49","pop_Female_50-54","pop_Female_55-59","pop_Female_60-64","pop_Female_65-69","pop_Female_70-74","pop_Female_75-79","pop_Female_80+"
"WCP",2002,272712,12081,974,46385,6080,8018,39395,24175,64916,18442,26463,25784,20273,225082,221707,230564,232380,214609,213014,203574,182000,153234,124875,101232,77629,61862,46722,30648,17825,10872,215248,215023,227018,233373,218335,211021,210203,199099,177008,145406,118650,93369,65618,51841,38153,30428,24957
"WCP",2003,282342,11986,986,45312,6833,8142,40603,26011,69198,19470,27052,26748,21014,227256,220478,229643,239186,225690,214513,209265,184927,158437,128658,104249,80174,62564,47617,31662,17838,11535,217533,213247,226292,239884,227945,212416,210892,202171,180814,151144,121519,97384,68679,52473,39228,28933,26308
"WCP",2004,298110,12284,999,47983,7334,8939,42769,27438,74652,19831,27876,28005,21946,230812,221174,227907,243510,238530,217315,213927,187951,163188,132535,107126,82986,63536,48681,32407,18144,12152,221492,213354,224288,244310,239016,215435,211055,205143,183924,156463,125011,100835,72612,53189,40307,27950,27530
"WCP",2005,315934,13008,1051,50545,7777,10038,46682,29913,77949,20684,28964,29322,22474,235765,222611,226569,244884,250744,222738,218383,191179,167546,136583,110058,85986,64806,49666,33153,18677,12840,227079,214320,222180,246102,250257,220794,211762,207185,187475,161517,128922,104238,76807,54287,41179,27700,28637
"WCP",2006,334034,12267,993,53708,7931,11113,49130,31170,85277,21567,29723,31156,22664,242072,224398,225987,241782,261966,232586,221390,195862,171548,140937,113112,89223,66541,50414,33922,19475,13651,234072,215873,220574,243674,260646,229554,214114,208128,191357,166104,133356,107666,81053,55811,41839,28246,29724
"WCP",2007,354894,12488,961,56472,8119,12893,51915,33673,91962,22714,31097,32602,23841,249911,226101,225733,244306,269066,242868,223781,201818,174927,145326,116066,92498,68491,51101,34749,20218,14173,242173,217537,220301,245149,266570,239050,217179,208376,193933,170907,137939,111048,85384,57886,42347,29652,30163
"WCP",2008,368727,15275,894,57507,7309,13966,52163,34447,97539,23592,32802,33233,23481,260069,228240,224632,245394,274332,256392,226868,207996,178098,150377,119629,95355,70942,51941,35677,20942,14677,252303,219782,219139,245426,272114,250514,220095,209709,197180,174927,143828,114184,89489,60965,42911,30899,30548
"WCP",2009,363601,15071,876,52345,7365,14524,51425,34529,97608,23318,33914,32626,22997,269143,231725,225353,243504,280138,270798,231216,213993,182017,155430,123659,98176,73633,52979,36781,21489,15147,261179,223612,219366,243299,277901,263016,224620,211529,200959,178696,149641,118030,93173,64765,43820,31755,30840
"WCP",2010,372788,14524,885,55383,7443,14644,53608,35030,98687,23371,34997,34218,23347,278049,236949,226606,240000,285768,283669,237269,219867,186530,160291,128045,101283,76718,54527,38073,22248,15657,269489,229318,219693,240064,283171,274667,230483,214212,204361,183044,155328,122422,97004,68945,45389,32293,31207
"WCP",2011,386830,14784,908,56979,7591,14737,55997,36271,103280,23926,37075,35281,23503,285530,244328,227402,236428,287083,296506,247820,224603,192920,165347,133011,104620,79977,56434,39164,23045,16154,276500,237158,219720,236848,284484,286345,239496,218314,207143,187903,160677,127343,100865,73265,47423,32393,31596
"WCP",2012,397707,15159,920,58072,7588,15179,58283,37045,106547,24514,38340,36060,23681,288756,254668,228473,237959,285523,305441,259590,227341,199428,169350,137500,107792,83198,58397,40132,23910,16880,278740,247683,221340,237181,282673,293660,250361,222019,208566,191242,166067,132258,104480,77527,49918,32712,32599
"WCP",2013,407932,15659,946,58516,7529,15934,59760,37969,109652,25145,40054,36767,23209,290591,265746,229843,238717,283645,312518,274172,230481,205842,173010,142373,111368,86060,60832,41229,24939,17623,280007,258764,223460,236893,280700,300881,262430,224712,210491,194898,170473,138371,107901,81730,53222,33450,33711
"WCP",2014,417068,16829,1011,58518,7456,16507,60835,39265,112485,25564,41450,37148,23267,291308,274741,233468,239249,281597,319594,289002,234721,211594,176962,147084,115079,88811,63478,42458,26118,18343,280331,267614,227576,236882,278543,307819,274848,228898,212315,198691,174291,144134,111825,85556,56893,34623,34814
"WCP",2015,423022,16531,1010,58391,7321,16909,62245,39607,115752,25828,41685,37744,22779,290772,282597,239668,237803,280716,325751,302193,241605,217486,181276,151736,119024,91618,66236,43855,27290,19170,280180,274967,233786,235555,277564,313679,286656,235123,214656,201636,178388,149577,116047,89332,60609,36364,35983
"WCP",2016,427116,15390,1010,58876,7149,17174,63529,40124,117985,26288,41866,37724,22581,290851,288137,247683,235207,280654,327867,315260,252652,222053,187026,156257,123271,94504,69099,45535,28382,20115,280782,280209,241464,233483,277509,315936,298463,244487,218458,203836,182774,154582,120702,93054,64389,38702,37235
"WCP",2017,432438,17059,1027,58815,7202,17071,63158,40603,120749,26669,41907,38180,22770,290608,291681,258715,237929,278050,327240,326398,264821,225282,193679,160306,127676,97352,71835,47239,29140,21293,280588,283231,253189,235636,274272,315137,308104,255295,222045,205228,186092,159815,125281,96460,68212,40781,38369
"WCP",2018,435964,15716,1008,59330,7266,16784,63585,41216,123203,26919,42363,38575,22304,289630,293981,269863,241420,275390,326119,335081,279655,228847,200174,164014,132342,100561,74232,49324,29902,22515,279507,284923,264953,239178,270995,313818,316719,267549,225040,207164,189602,163936,130845,99418,72039,42909,39572
"WCP",2019,437501,14166,992,59017,7167,16229,63885,41067,126169,27178,43166,38464,22373,288467,294986,278900,245721,274974,324491,342992,295017,233420,205932,168049,136835,103981,76600,51560,30822,23756,278467,285394,273962,244235,270050,311967,324170,280232,229175,208843,193117,167476,136133,102844,75554,45356,40794
"ECP",2002,163439,2683,680,23319,2007,3347,30010,12832,26433,11520,35419,15188,5921,336540,417187,465099,402147,262582,191833,161859,145532,136056,121721,101193,79859,76244,62977,45592,26763,18604,323469,401525,450826,395890,274110,221555,206659,204650,198653,174606,142930,113550,110265,94943,72612,52628,45188
"ECP",2003,167801,2643,711,22778,2260,4382,30180,13101,28001,12122,35790,15833,6285,332511,397937,458905,407032,276536,194409,165975,144009,135164,122022,102862,80637,73489,63544,45755,27622,19284,321005,382833,443338,401787,284689,219578,206080,201636,197186,178175,145952,116321,106596,97457,73047,53932,47624
"ECP",2004,173880,2661,720,23668,2393,4676,31487,13493,29957,12316,36343,16165,6630,336510,379386,450206,416638,286444,196551,170037,143021,133647,121851,104121,81984,70724,64135,45616,28465,19890,326669,364760,434390,409614,294057,216397,206142,198692,194513,180386,149450,119557,103085,99584,73835,54737,49827
"ECP",2005,182590,2262,675,24756,2495,5054,33220,14309,32068,12707,38039,17004,6678,346986,361174,440257,428287,292167,199532,173982,142710,131912,121278,104957,83545,68564,63989,45721,29095,20617,338864,347049,425100,417358,301776,213980,206229,195547,191996,181593,152852,123029,100877,100327,75218,55070,51821
"ECP",2006,192157,2579,684,26268,2586,5579,34682,14927,33922,13380,39219,18331,6785,361037,345678,429368,434988,299591,204154,175731,144152,130243,120443,105324,85187,67503,62799,46048,29509,21536,354554,332259,415023,420261,310381,214266,205438,192535,189656,181666,156052,126304,100708,99270,77078,54936,53779
"ECP",2007,202381,2677,645,27831,2659,6302,36320,15866,36075,14045,40719,19241,7293,379057,335109,410515,423458,314411,215062,176901,147411,128841,119509,105482,87038,67209,61015,46848,29418,22638,373865,322783,395550,410376,320475,223913,203737,190622,186586,181986,158994,129617,102194,96828,79873,53651,55974
"ECP",2008,208784,3125,598,28198,2574,6843,36654,16272,37589,14477,42738,19716,7324,392864,332076,390237,411948,325163,226228,178705,151466,127569,118688,105706,88445,67814,58759,47764,29446,23713,387917,321276,374549,400395,328027,233686,200826,190977,183991,180924,162677,132696,104794,93583,83214,53037,58071
"ECP",2009,206737,3092,552,26172,2609,7624,36056,16329,37352,14393,43610,18949,7093,397593,337250,371191,403264,331003,235742,181902,155591,127175,117692,105798,89617,68923,56509,48414,29592,24731,392037,328100,355632,391446,332302,241754,199581,191989,182061,179184,165545,136418,107897,90694,85474,53785,59988
"ECP",2010,211600,3142,587,27317,2629,7527,37517,16540,37586,14448,44856,19452,7532,395983,347842,354483,398692,330578,242521,186424,159424,127651,116643,105643,90650,70467,55049,48527,30461,25816,388822,340156,339953,384574,332255,246604,200269,192758,180454,177726,167653,140269,111480,89305,86061,56450,62046
"ECP",2011,219470,3487,601,28266,2666,7544,38885,17017,38899,14825,46229,21049,7732,389680,358589,343242,395280,324169,248094,193149,162224,129949,115970,105452,91353,72086,54382,47637,31796,26879,380864,351987,330427,378212,327104,249871,203307,193375,179233,176581,168806,144017,114981,89591,84721,60780,64149
"ECP",2012,223935,3594,635,28782,2679,7720,40276,17379,39812,15178,46465,21415,7883,386133,369349,334218,372199,326569,259590,200983,164670,133937,115624,105316,91962,73901,54490,46377,33113,28364,375667,363398,322107,357332,325846,260409,208593,193983,179111,174959,170119,147523,118525,91440,82199,64683,66904
"ECP",2013,227003,3746,647,28974,2563,8035,40693,17696,40960,15499,46589,21602,7858,383518,379566,333125,346903,325561,267939,210420,167354,138380,115301,105129,92577,75387,55323,44888,34427,29876,372192,373826,321725,334065,321996,268604,215448,192510,180523,173536,169978,151719,121959,94396,79692,68505,69882
"ECP",2014,229963,3850,678,28879,2548,8187,41027,18150,41907,15632,47390,21715,8208,382071,384974,338280,328205,318523,273505,220278,170515,142616,115566,104644,92946,76662,56450,43542,35422,31348,370367,378603,328465,315630,314260,272540,223874,191368,182201,172468,168968,154916,125861,97521,77967,71020,72839
"ECP",2015,231824,3625,645,28754,2512,8305,41522,18371,42442,15733,48016,21899,8678,381020,387823,346597,317920,306131,274907,229332,175111,146877,116585,104172,93130,77713,57665,42645,35688,33001,370161,379849,338844,303962,303343,271276,232555,191736,183576,171370,168088,157261,129694,100738,77549,71733,75934
"ECP",2016,233404,3039,630,28880,2471,8366,41886,18590,43133,15884,48555,21968,9191,381667,388219,355789,315296,291513,269438,237730,182279,150045,119067,103843,93171,78461,58964,42360,35041,34861,371888,378891,349598,299703,290747,263756,240034,195201,184804,170590,167441,158689,133412,103979,78562,70367,79209
"ECP",2017,234783,3599,655,28833,2491,8301,41712,18847,43644,16022,48646,22034,9237,380440,387281,362631,302689,282400,270931,245513,190764,152832,122796,103656,93102,78952,60323,42385,34122,36638,371937,376953,355735,290284,279063,265805,245807,201350,185289,170517,166049,160257,136943,107326,80558,68196,83420
"ECP",2018,236141,3246,634,29023,2507,8288,41819,19066,43979,16142,49213,22225,8930,374369,386839,371215,296295,268323,269398,251673,200666,155788,126976,103462,92901,79440,61434,42705,33512,38492,366391,375938,363135,287085,262887,264745,250892,209158,184073,171950,164741,160230,140965,110443,82807,67259,87779
"ECP",2019,236236,2919,625,28823,2466,8031,41669,18960,44501,16249,49925,22067,8911,366330,386340,376879,299385,252572,263271,257568,210454,159263,131071,103770,92438,79775,62422,43229,33110,40376,358650,375040,368010,291583,246936,258119,255791,217419,183106,173519,163695,159309,144091,114096,85121,67360,92179
"NCP",2002,50436,3377,16186,1515,1505,846,4713,4012,5522,1973,6420,4366,4605,54702,55913,58272,54359,42597,37825,36312,32403,29024,25774,20929,16652,13088,10161,6516,3745,2618,53531,54330,57742,52736,42388,38865,38500,36794,33332,30190,24682,20264,14384,12111,8541,6524,6107
"NCP",2003,52239,3556,16794,1396,1494,840,5470,4244,5359,2078,6482,4526,4768,55045,54964,57656,55196,45194,38506,37118,32782,29269,26011,21525,16861,13213,10140,6785,3597,2678,54001,53446,57104,54053,44006,38723,38362,36894,33501,30432,25293,20695,15026,12047,9054,6055,6474
"NCP",2004,53472,3467,16894,1419,1570,853,5695,4430,5783,2111,6525,4725,5127,55915,54551,56805,56027,47460,39442,37852,33272,29454,26160,22095,17102,13401,10137,6951,3567,2728,54894,53052,56239,55315,45668,38678,38244,36961,33632,30428,26035,20950,15856,11955,9499,5809,6808
"NCP",2005,55235,4377,15266,1641,1754,959,6122,4759,6356,2198,6908,4895,5227,57254,54404,56019,56685,49095,40755,38709,33807,29667,26287,22571,17443,13592,10152,7044,3652,2795,56171,52852,55490,56240,47251,38927,38231,36888,33855,30412,26675,21261,16653,11975,9770,5865,7114
"NCP",2006,57288,3747,16267,1749,1746,1026,6375,4944,6675,2338,7108,5311,5187,58969,54469,55479,56532,50530,42573,39429,34592,29959,26451,22914,17925,13798,10166,7069,3856,2888,57758,52760,54999,56299,48865,39698,38359,36704,34102,30452,27132,21699,17333,12139,9865,6242,7414
"NCP",2007,59178,3884,15971,1846,1790,1172,6705,5284,6962,2483,7460,5622,5250,60470,54376,54661,55827,52361,44593,39820,35441,30187,26555,23103,18445,13992,10248,7097,4102,2963,59489,52807,54115,55950,50462,41189,38325,36496,34103,30669,27385,22225,17937,12482,9826,6825,7574
"NCP",2008,60157,4414,15039,1904,1785,1288,6845,5413,7238,2581,7919,5730,5217,61903,54704,53787,54944,53539,46985,40522,36298,30512,26733,23286,18949,14206,10394,7108,4319,3034,60968,53283,53199,55332,51926,42956,38207,36552,34209,30860,27646,22812,18364,13083,9733,7332,7720
"NCP",2009,58795,4285,14426,1791,1785,1458,6499,5325,7279,2597,7944,5406,5071,62521,55652,53287,54026,54221,49348,41611,37125,31053,26919,23448,19457,14432,10566,7166,4443,3098,61486,54319,52744,54486,53180,44799,38422,36680,34419,31080,27750,23539,18647,13815,9719,7661,7843
"NCP",2010,60089,4295,15027,1913,1801,1423,6684,5373,7237,2620,8131,5585,5148,62689,57095,52973,53388,54288,51289,43027,38010,31708,27147,23605,19940,14773,10780,7295,4531,3170,61387,55745,52521,53779,53978,46430,38968,36864,34613,31406,27864,24204,19009,14537,9890,7798,7984
"NCP",2011,61274,3796,15125,1933,1829,1426,6972,5527,7506,2700,8589,5869,5342,62403,58777,52885,52994,53414,53001,45092,38859,32656,27523,23827,20321,15220,10994,7416,4534,3239,60809,57280,52536,53321,53870,48038,40071,37195,34761,31789,28040,24713,19478,15177,10199,7696,8131
"NCP",2012,63253,3943,15831,1943,1826,1456,7146,5646,7722,2753,8960,6026,5639,61418,60339,52866,51988,53445,54571,47075,39520,33655,27914,24006,20557,15763,11227,7619,4544,3402,59855,58979,52498,52427,53761,49680,41428,37528,34847,32002,28401,25061,20053,15749,10670,7506,8537
"NCP",2013,64784,4167,16567,1989,1823,1498,7175,5739,7835,2811,9028,6152,5987,60885,61686,53281,50852,53128,55659,49516,40368,34605,28371,24218,20761,16285,11478,7848,4612,3569,59295,60429,52944,51449,53316,51269,43068,37581,35093,32269,28697,25411,20685,16198,11320,7442,8971
"NCP",2014,66697,4339,17604,1999,1817,1545,7209,5891,7947,2843,9309,6192,5975,60797,62231,54251,50284,52240,56559,52041,41431,35463,28956,24408,20915,16774,11747,8060,4753,3731,59095,60947,54048,50945,52493,52600,44940,37784,35349,32579,28966,25574,21406,16542,11982,7536,9402
"NCP",2015,67432,4403,17440,2004,1808,1575,7290,5979,8338,2887,9465,6242,6027,60960,62461,55549,50085,51046,57095,54314,42895,36434,29613,24656,21071,17183,12068,8236,4941,3914,59215,60939,55535,50706,51635,53428,46874,38302,35637,32804,29300,25716,22025,16934,12549,7827,9851
"NCP",2016,66619,4091,16854,2010,1788,1587,7323,6014,8450,2951,9347,6204,5589,61485,62514,56904,50154,49869,56648,56483,45018,37309,30484,24990,21257,17481,12458,8402,5154,4122,59671,60660,57014,50748,50934,53325,48833,39407,36050,32976,29671,25901,22492,17401,13032,8312,10324
"NCP",2017,68509,4597,18044,1996,1791,1574,7263,6049,8581,3005,9350,6259,5897,61902,62120,58283,49934,49574,56424,58056,47270,38053,31491,25373,21418,17685,12904,8553,5391,4329,60413,60265,58304,50691,50320,53444,50384,40924,36324,33096,29912,26264,22835,17964,13487,8901,10762
"NCP",2018,68853,4326,18238,2004,1796,1545,7279,6090,8682,3030,9472,6391,6257,62532,61848,59540,50102,48968,55961,59225,49914,38958,32451,25816,21588,17857,13321,8723,5563,4545,61136,59990,59504,51115,49491,53200,51907,42727,36402,33370,30184,26529,23150,18530,13860,9385,11219
"NCP",2019,68441,4044,18071,1989,1784,1506,7179,6025,8857,3049,9561,6376,6416,63157,61735,60117,50993,48351,55188,60367,52552,40087,33314,26380,21745,17989,13703,8936,5670,4764,61733,59810,60075,52175,48927,52499,53395,44619,36630,33615,30475,26763,23297,19155,14208,9768,11682
"FRS",2002,120551,5994,19831,12265,3879,2299,18003,9344,14631,8039,15678,10588,14086,131923,139105,156478,151189,119628,104075,97642,89446,77955,67108,53193,39986,29650,22556,14714,8058,5987,129463,136244,153061,147900,124012,113143,108994,103226,88991,77950,63473,48773,34824,31263,22332,15256,16168
"FRS",2003,123292,5558,20716,12154,3962,2437,18534,9547,14945,8482,16209,10748,13868,131585,135051,153132,152602,123991,103288,97826,88176,78200,67132,54403,40754,30137,22501,15251,7886,6055,129476,132474,149675,149503,126389,111428,107752,102376,89576,78195,64760,50440,35857,30682,23706,14320,16625
"FRS",2004,128087,5585,21069,12640,4270,2599,19540,9774,16124,8631,16591,11264,13591,132149,132319,148910,154410,128446,102654,97742,86915,78033,66866,55393,41475,30767,22503,15561,7946,6103,130400,129994,145634,151175,129164,109684,106535,101278,89909,77785,66173,51748,37411,29991,24815,13971,16999
"FRS",2005,133503,5875,22251,13129,4458,2734,20133,10104,16948,8886,17138,11847,13205,133516,130100,144726,155823,132219,102858,97712,85756,77471,66514,56037,42257,31381,22562,15714,8224,6187,132143,128016,141835,152116,132032,108545,105461,99841,90164,77356,67255,52997,39079,29570,25367,14398,17305
"FRS",2006,138194,5297,20916,14037,4591,2901,21361,10610,18604,9339,17746,12791,12772,135566,128037,141159,154866,136237,104826,96906,85318,76586,66204,56264,43188,31963,22640,15725,8725,6329,134549,126229,138711,150801,135204,108867,104535,98219,90108,77084,67874,54227,40703,29499,25365,15641,17602
"FRS",2007,143316,5417,20391,14668,4713,3367,22322,11242,19550,9802,18559,13286,12856,139411,126685,137290,151378,139444,109000,95945,85765,75832,66085,56352,44358,32524,22878,15700,9245,6409,138567,125093,134920,147800,137140,111640,103472,96871,89631,77688,68171,55545,42353,29814,24935,17011,17682
"FRS",2008,146989,6845,19186,14946,4515,3601,22579,11639,20391,10135,19536,13616,12294,143389,126292,133568,147408,141598,114063,95427,86355,74913,66153,56334,45349,33114,23264,15637,9696,6482,142528,124999,131220,144316,138929,114852,101999,96308,89118,78260,68466,56773,43822,30717,24365,18214,17731
"FRS",2009,143574,6606,18066,13762,4383,4005,21879,11444,20416,9974,20040,12999,12314,145708,127223,130896,143251,143418,118719,95752,86887,74241,66121,56205,46211,33701,23697,15694,9918,6539,144671,126255,128677,140425,140612,117863,101266,95979,88663,78816,68384,58179,45043,31991,23942,18990,17726
"FRS",2010,147190,6674,18908,14552,4494,3779,22646,11563,20495,9992,20523,13565,12301,147118,129245,128617,139944,144281,122148,97035,87370,73778,65897,56037,46898,34473,24203,15931,10036,6614,145652,128574,126629,137092,141519,120042,101276,95722,88112,79402,68369,59371,46326,33415,23916,19299,17764
"FRS",2011,150166,6100,18644,14745,4568,3800,23287,11843,21076,10228,21487,14388,12078,147440,131841,126672,137569,142806,125408,100010,87467,74072,65627,56001,47270,35367,24689,16165,9937,6683,145573,131422,125072,134566,140304,122221,102543,95666,87514,79820,68539,60187,47613,34865,24192,19004,17815
"FRS",2012,154670,6212,18857,14872,4575,3904,25134,12037,21746,10403,22172,14759,11788,147072,135815,125088,133220,140698,129652,103723,87616,75347,65573,56296,47602,36449,25221,16546,9877,6861,144521,135430,123698,130708,138100,125519,104999,96015,87575,80220,69540,60798,48955,36300,24668,18523,18212
"FRS",2013,157573,6479,19254,15003,4583,4061,25527,12207,21772,10628,23074,14984,11999,146258,139918,124706,129006,137768,132735,108447,87965,76643,65361,56686,47832,37422,25796,16962,9938,7045,143211,139489,123512,126910,135184,128575,107930,95505,88110,80539,70494,61424,50282,37681,25501,18253,18671
"FRS",2014,160710,6925,19726,15400,4545,4149,25795,12482,22201,10751,23587,15149,11873,145121,142647,125743,126295,134168,134889,113370,88732,77710,65288,56933,47914,38295,26380,17341,10133,7222,141640,141980,124845,124389,131757,130695,111268,95268,88650,80826,71413,61630,51739,38881,26509,18147,19124
"FRS",2015,160246,5243,19628,15437,4504,4220,26132,12678,22314,10864,23879,15347,11663,143527,144610,127903,124475,130779,135512,117792,90477,78815,65417,57072,47993,38986,27025,17653,10393,7441,139975,143421,127326,122563,128719,131260,114670,95705,89129,80897,72381,61857,52956,40092,27563,18248,19613
"FRS",2016,159805,4233,19281,15524,4396,4239,26340,12780,22697,11079,23980,15255,11751,142289,145381,130748,123390,128031,133602,122008,93777,79437,66133,57102,48144,39420,27764,17950,10670,7704,138710,143725,130377,121443,126348,129503,118038,97429,89737,80922,73239,62282,53859,41323,28674,18562,20148
"FRS",2017,162088,5522,19689,15529,4403,4191,26369,12875,22894,11272,24027,15317,11749,140979,145396,134367,121214,124842,132910,125570,97678,79791,67276,57077,48345,39606,28623,18286,11063,7842,137514,143189,133839,119859,123157,129031,120836,100093,90025,81107,73678,63287,54468,42641,29908,19182,20327
"FRS",2018,161755,5488,18005,15618,4436,4153,26524,12978,23285,11356,24372,15541,11674,138736,145026,138365,120307,121275,131225,128265,102499,80314,68425,56899,48587,39695,29351,18646,11363,7997,135437,142321,137611,119499,119639,127565,123519,103314,89676,81723,74024,64168,55016,43842,31084,19857,20544
"FRS",2019,161071,5181,17397,15453,4385,4041,26474,12871,23807,11435,24633,15394,11547,136294,144196,141172,121277,118601,128282,130754,107408,81233,69390,56816,48714,39702,29954,19052,11560,8158,133271,141022,140166,120753,117186,124777,126043,106692,89539,82226,74335,64995,55203,45139,32183,20602,20771
"KZN",2002,322651,14685,8259,62589,10527,9234,43777,33725,44873,19134,45848,29999,37993,525344,578803,607356,561789,425807,360795,293525,251717,213413,182711,156857,116658,91444,63784,44756,27368,17670,516355,572380,598695,564235,452992,398359,350486,333364,291010,244045,211480,163459,127797,103589,86456,62436,48791
"KZN",2003,331504,15446,8744,62016,9315,9672,45296,36082,47382,20200,46856,30495,39274,519184,563718,604726,572417,447623,360121,304658,249262,216009,182693,157837,120418,91342,65665,43886,28248,18165,509668,557929,596125,572796,468847,395819,353954,329101,295099,248304,212560,170635,128815,105148,84625,64423,51366
"KZN",2004,346179,15493,8919,64931,9997,10582,47759,37698,50805,20557,47488,31950,41814,519565,550465,599079,584090,470671,359494,314910,247171,217720,182520,157767,124339,91345,67792,43017,28766,18593,509504,544853,591476,581577,486219,392803,358387,324061,297683,251645,213701,177202,130877,106940,83257,65519,53689
"KZN",2005,365775,14589,8361,68936,10648,12016,50848,39928,56178,21252,49627,33393,42987,525798,537285,592110,594816,491268,363191,323349,246900,218224,182459,157215,127719,91942,69319,42878,28628,19134,515277,531526,585940,589161,503021,392868,362344,319373,299319,254747,215060,182792,134204,108358,82768,65586,55788
"KZN",2006,385398,14666,8082,73097,10999,12928,54103,42005,60501,22379,51106,35533,44801,536037,525444,584327,597770,512395,375173,326782,250700,217522,182715,156451,130335,93517,69923,43448,27791,19852,525001,519507,579399,590224,519916,399607,365168,316236,299272,257403,217066,186857,139011,109172,83116,64492,57848
"KZN",2007,408910,15329,8113,77062,11325,14885,57398,45492,64929,23589,53635,37152,45939,552029,516312,572174,594242,528732,393204,328415,258518,216562,183783,155986,132574,95793,70299,44925,27292,20411,540106,510141,567594,586493,531447,414871,366743,316186,297156,261941,219627,189829,144995,109674,84106,62889,59723
"KZN",2008,424640,17872,7581,78786,10814,16395,58237,47186,68719,24431,56591,38027,44193,570988,511179,557212,590003,541483,415805,329174,268408,214542,185757,155961,133447,98911,70348,46589,26859,20945,558395,504567,552770,582919,541312,432746,365436,320811,294030,265919,223918,191283,151630,110744,85663,61572,61493
"KZN",2009,418879,17303,7239,70588,10332,17952,58359,47237,69850,24411,58447,37163,44332,585184,511847,544197,584265,553919,438276,331274,278567,213361,187570,156180,133658,102179,70451,48172,26515,21429,572232,504410,539934,578313,550411,450629,365881,327203,291058,269373,227951,193067,157873,112840,87141,60784,63073
"KZN",2010,433846,17714,7962,75045,10544,18251,60988,48277,70713,24558,60439,39356,44729,596919,517948,531763,579109,564260,457191,336772,287335,213983,188598,156608,133823,105365,71345,49506,26858,21971,583266,509411,527490,574091,557614,465312,369233,333234,289025,272391,232020,195326,163630,116382,88494,60967,64803
"KZN",2011,449826,19470,7892,77251,10660,18349,63989,49874,73766,25273,62908,40393,44804,604520,527865,520563,574110,566984,476199,349639,292674,218577,189080,157580,133912,107941,72910,50083,27728,22494,590575,518365,516366,569634,558531,479381,378301,338514,288816,274226,235925,198251,168131,121227,89397,61930,66580
"KZN",2012,461604,19920,8058,78888,10657,18856,66356,51215,75289,25874,65120,41370,42695,609798,543631,511152,559585,565949,496399,368069,297213,227932,189754,159492,134251,110306,75195,50522,29427,22755,594888,533356,506334,555892,557208,494915,392829,343941,292161,274274,241493,201511,171380,126854,89822,63757,66554
"KZN",2013,473222,20917,8404,79868,10635,19851,67378,52729,77189,26594,67325,42332,43531,612633,561877,506226,542883,563179,512279,390791,300741,239049,189484,162051,134873,111624,78197,50810,31082,23042,596822,551248,500563,539610,554922,508625,409807,345233,299172,273165,246428,206374,173446,133300,91005,65788,66761
"KZN",2014,484795,22642,9084,80245,10473,20606,68281,54413,79127,27196,69971,42758,42321,613353,576696,506938,529901,558028,525635,414043,305019,250044,189787,164354,135532,112356,81240,51308,32448,23304,596124,565769,500397,526713,550560,519144,428275,347046,307238,271980,250634,210715,175666,139248,93245,67280,66950
"KZN",2015,489326,21042,8687,80017,10239,21072,70069,55314,81216,27466,70586,43617,40430,611496,589890,512916,519058,552323,534717,434944,313265,260297,191842,166173,136468,112868,83883,52265,33209,23703,593748,577949,505606,515666,545598,525357,446224,351782,314686,271358,254311,214974,178091,144426,96658,68089,67264
"KZN",2016,491995,18787,8628,80734,9991,21286,71427,56085,82431,28000,71382,43243,39952,610881,598484,523193,510657,546618,535516,455164,327991,267360,197343,167330,137784,113274,86060,53783,33233,24242,592502,585546,515288,506906,540271,524395,463376,362199,321459,272523,256922,219138,181138,148589,101237,68178,67727
"KZN",2017,500887,24660,8854,80452,10052,21153,71048,56914,84172,28334,71580,43669,41303,613926,603110,539086,498823,534216,538859,474954,346383,272768,206111,168116,139308,113462,87960,55981,33298,25038,595768,588675,530120,495014,528929,528115,478176,377040,326556,275781,257307,224522,184268,151691,106916,67761,68276
"KZN",2018,504487,23628,8651,81267,10157,20640,71403,57890,85673,28613,72436,44129,41307,619078,606009,557916,492118,518423,539135,490844,368889,277311,216509,168082,141379,113756,88918,58473,33705,25887,600844,590131,548347,487772,513780,529487,491400,394661,328414,282548,256464,229146,188585,153393,112905,68756,68955
"KZN",2019,504905,22400,8491,80316,9961,19922,71603,57802,87682,28925,73924,43880,40713,624531,607157,573074,492961,505198,534838,505101,392259,282544,226914,168558,143386,114078,89431,60742,34596,26755,606570,589752,563089,487612,500833,526234,503472,413146,330508,290118,255374,233152,192451,155433,118042,71508,69666
NA,2002,146307,3337,54589,7938,3003,2995,15101,7038,13401,10049,15634,13221,17548,156252,159843,171560,160121,137860,126140,118809,111294,101337,81182,60444,47486,36051,26371,18280,11344,7824,152356,154878,168416,155368,129986,122298,114292,106363,92677,79317,61561,51532,37787,31548,23966,20067,18441
NA,2003,153183,3350,59348,7643,3193,2877,15233,7621,14059,10591,15710,13559,19747,158329,157102,169849,163646,143353,128561,121292,110802,102378,83975,62716,48066,36908,26645,18462,11234,8055,155242,152146,166291,159556,133928,121993,115855,106881,94113,80934,63704,52282,39437,31629,24811,18886,19716
NA,2004,158192,3411,60419,8080,3353,3032,16059,7826,15181,10750,15858,14223,19813,162163,155530,167511,167331,148065,131709,123756,110612,102717,86539,65073,48661,37926,27042,18505,11265,8256,159859,150805,163498,163564,138244,121515,117568,107432,95295,81925,66352,52599,41523,31665,25611,18149,20895
NA,2005,165340,3808,60716,8683,3632,3373,17205,8057,17220,11145,16539,14962,19343,167499,154426,165446,170150,151672,135670,126663,110863,102751,88678,67417,49609,38853,27480,18578,11374,8507,165932,150125,161071,166372,142669,121701,119225,107974,96571,82857,68806,53218,43473,31921,26164,18027,21985
NA,2006,172160,3279,62125,9206,3681,3652,18104,8526,18799,11780,17083,15926,19545,173939,153826,163910,170127,155581,140776,129106,112391,102746,90355,69662,51120,39655,27906,18689,11564,8837,173046,150046,159350,166409,147422,123472,120712,108654,97812,83871,70807,54403,45062,32451,26446,18570,23057
NA,2007,177597,3350,60972,9752,3798,4222,19062,9007,19991,12485,18014,16944,21774,182110,154440,161170,169821,161633,146174,131114,114862,102642,91659,71901,53005,40180,28425,18778,11951,8887,181673,151090,156397,165743,152009,127817,121491,109455,98508,85393,72334,55997,46256,33242,26309,19607,23300
NA,2008,179747,4084,58228,9971,3759,4667,19327,9491,20918,12964,18978,17360,21320,189990,156634,158097,168481,166686,152439,134175,117799,102509,92802,74450,54939,40673,29168,18850,12249,8925,189613,153887,153316,164101,156555,132838,121596,111492,99339,86825,73936,57981,46937,34684,26083,20482,23501
NA,2009,174552,3962,55088,9286,3776,4810,18271,9275,21144,12835,19447,16658,19622,195280,160861,156336,166193,170995,158827,138266,120996,102958,93588,77058,57023,41223,29972,19095,12288,8943,194624,158855,151713,161434,160877,137945,122412,113986,100439,88311,75152,60506,47291,36446,26053,20973,23631
NA,2010,180221,4086,58616,9809,3887,4632,18784,9311,21314,12875,19860,17048,21814,199018,166624,155500,163991,173616,164637,142993,124547,103993,94179,79414,59282,42233,30806,19588,12247,8986,197651,165360,151121,158856,164022,142423,124061,116502,101712,90039,76383,62959,48029,38143,26465,21080,23818
NA,2011,184328,4147,59004,9962,4010,4641,19300,9651,21976,13173,20746,17717,21441,201117,173024,155583,162196,172852,170788,149487,127951,106422,94969,81535,61581,43718,31534,20108,12011,9020,199048,172372,151664,156890,164278,147074,127309,119065,103266,91842,77762,65047,49290,39577,27194,20694,24022
NA,2012,180888,4126,52670,10083,3845,4746,19893,9839,22946,13418,21750,17571,20423,202047,180884,155906,159822,173655,176314,155666,130758,109583,95612,83215,63869,45496,32132,20866,11731,9095,198882,180486,152469,154425,164005,152612,131438,121076,105252,93201,79752,66790,50970,40745,28373,19996,24619
NA,2013,186194,4283,54979,10115,3768,4952,20494,10044,23463,13733,22655,17707,21297,202290,188805,157808,156772,173298,181206,162800,134287,112991,96099,84663,66433,47295,32725,21755,11681,9180,198418,188422,155025,151560,162683,158228,136324,121889,108094,94583,81590,68623,53029,41527,30051,19680,25300
NA,2014,179371,4525,46975,10205,3720,5041,20664,10072,23691,13878,23442,17160,20098,202085,194681,161961,154893,171220,186209,169961,138524,116367,96871,85712,68974,49181,33406,22538,11956,9256,197727,193943,159987,149840,160386,163070,141909,123016,111040,96126,83345,70019,55514,42079,31698,19867,25974
NA,2015,187329,3760,55238,9987,3642,5094,20976,10514,23530,13923,23591,17076,21715,201294,199319,167872,153747,168310,190254,176644,143855,120207,98085,86639,71318,51152,34350,23101,12512,9386,197066,197779,166616,148880,158136,166195,147826,125078,113812,97687,85229,71386,57856,42922,32991,20670,26696
NA,2016,180548,3149,48643,10088,3578,5141,21133,10583,23939,14088,23529,16677,21053,201055,202248,174664,153513,165348,190974,183861,150927,123730,100415,87539,73365,53176,35618,23532,13296,9570,197079,199998,173816,149057,156288,166295,154030,128931,116610,99468,87144,72880,59874,44179,33970,22073,27480
NA,2017,184177,3954,50808,10071,3589,5085,21175,10634,24318,14203,23546,16794,21509,201124,203943,181836,154002,163998,190975,189942,157697,126768,103512,88121,74940,55103,36975,23795,13982,9570,197456,200946,180900,150176,154095,167355,159251,133524,118749,101434,88577,74876,61522,45831,34743,23710,28040
NA,2018,185264,3731,51183,10126,3610,5042,21200,10730,24605,14313,23774,16950,22119,201485,204864,189322,155792,161720,190153,195368,165305,130432,106814,88538,76251,57297,38293,24129,14460,9590,198034,201229,188187,152894,151220,167203,164693,138927,119905,104241,89983,76632,63207,47694,35269,24959,28652
NA,2019,184341,3367,50647,10046,3533,4894,20950,10567,24984,14408,24099,16847,20658,201889,204883,195368,159675,159700,188426,200937,172898,134756,110037,89246,77189,59534,39663,24612,14722,9617,198721,200706,193895,157553,149445,165434,170184,144740,121177,107093,91479,78282,64541,49854,35850,25777,29277
"GAU",2002,689952,3743,32826,122610,16834,13899,79526,58844,144981,35084,117258,64347,57400,418262,385568,396144,422589,510967,568963,504460,422331,353619,283174,216190,153659,107255,69494,43996,26741,18014,411467,382701,396861,421953,477593,496202,452475,410895,358769,298026,229368,171545,112679,82876,60237,47024,40256
"GAU",2003,709893,3638,30829,121015,17522,15933,82518,62596,150610,37168,121923,66140,58585,426900,386400,395997,447027,523003,570164,525097,427248,362429,292218,225086,160927,111588,72809,44908,26999,18608,418777,382662,398176,444909,496740,502472,459406,413719,364358,306951,237860,179326,119562,84727,61851,45336,42525
"GAU",2004,745036,3631,30634,126941,18771,17676,87334,66839,160376,37894,124661,70280,60762,438356,391348,392697,461484,545305,574107,543911,432781,369573,300822,233477,168532,116438,76572,45803,27402,19132,428708,386562,395085,460316,520059,516738,465475,416828,368502,313907,247541,186015,127920,86813,63560,44299,44585
"GAU",2005,785742,4088,33429,135696,19817,19888,93884,69711,165169,39744,130247,74069,60707,452577,398541,389823,462850,573114,584388,561389,440310,375730,308906,241492,176545,121676,80290,47242,27793,19771,441298,392538,390985,465393,545795,539379,472717,419791,373047,320121,256916,193030,136498,89591,65106,44200,46459
"GAU",2006,832842,3540,30551,144758,20527,22227,99824,73526,183758,41630,134150,78350,64115,469588,407228,388245,449976,601489,606805,573901,453657,381290,316596,249132,185157,127473,83696,49222,28218,20594,456512,399705,387635,457682,570498,570381,485452,422653,377654,325656,265609,200712,144855,93126,66475,45105,48299
"GAU",2007,883617,3623,30162,152317,21381,25837,106121,79241,198097,44057,140672,82110,66014,489271,415878,393445,467537,610958,622274,580645,473146,386818,324071,256525,193977,133464,87205,51380,29052,20984,475569,407499,393425,473329,586281,587062,501204,426441,380710,332571,273490,208905,153162,97669,67481,47294,48960
"GAU",2008,918747,4078,27798,156211,20949,28438,109167,82185,211218,45864,149162,83677,64686,516046,424111,395085,478639,622533,646229,587500,494472,391823,332178,264813,201963,140114,91159,53824,29844,21348,502030,414603,395777,482323,606249,609507,516814,434165,384693,338357,282495,217254,160713,104053,68617,49192,49532
"GAU",2009,905976,4020,26202,135812,20400,31432,108449,82238,214561,45708,155033,82121,62730,543067,434379,400244,475725,642703,674405,596348,515356,399070,339801,273494,209797,147045,95512,56738,30404,21661,529160,423689,400364,479897,629795,639308,534525,444547,389927,343848,290379,227004,167439,111649,70460,50387,49954
"GAU",2010,937178,3887,27865,143967,21181,32074,114802,83848,218227,45940,159432,85955,64248,571542,448372,406400,462204,667151,702700,608889,534471,409099,346946,282063,217923,154777,100645,60221,31333,22034,557469,436538,404372,469597,652567,673729,553317,457855,395654,350222,297851,236864,174797,119697,73565,50989,50497
"GAU",2011,971893,4022,26371,149230,21450,32185,120120,87150,228207,47145,167187,88825,65434,597805,468361,410388,445536,680236,736547,633072,549027,425151,354700,290906,226029,162998,106201,63629,32464,22387,583992,455530,405890,456748,663241,713742,579902,474643,402091,357096,304971,246262,182803,127724,77580,50826,51076
"GAU",2012,998095,4012,24889,153027,21315,32975,124889,89592,235617,48053,172738,90987,62818,611353,495759,419716,461066,672489,754897,656076,558958,444991,361516,298756,233593,171468,111808,67048,34033,22780,597141,482516,415231,469242,663098,728242,609731,491304,409323,361867,313089,254575,191192,135493,82332,50698,51656
"GAU",2013,1025717,4134,25537,154732,21219,34463,128339,92956,242912,49463,179021,92940,61698,620516,525236,426113,474245,665763,774192,684572,567666,466162,367681,306736,241753,179204,118105,70918,35928,23199,605822,511905,421849,479138,662902,749289,639764,505693,419378,367074,319821,263925,199754,142949,88632,51370,52413
"GAU",2014,1050091,4376,25449,154184,20981,36001,130756,97121,250894,50699,185280,94350,62017,626105,551746,435974,480588,662883,797963,713991,576873,486201,375161,313897,249828,186571,124730,75079,38278,23593,610277,538666,430741,484712,661783,778163,668262,523104,430452,373024,325706,271862,209206,149827,95520,53038,53157
"GAU",2015,1062174,4375,24780,153349,20617,36683,134053,97998,255667,51209,186437,97004,59969,628234,576708,451252,475335,667439,821838,742199,590844,505365,384891,320857,257770,193739,131623,79445,40975,24124,612116,563352,443928,481361,663535,810301,695965,544186,443029,378775,331991,279192,218304,157037,102317,56001,53999
"GAU",2016,1074906,4054,24950,154769,20146,37191,137014,98987,261208,52271,187289,97027,60778,631513,596785,470695,463010,675207,837097,775090,614008,519327,399515,327785,265536,200700,138802,84164,43954,24798,615016,583071,461229,471572,667185,834655,729229,570971,458692,384978,338546,286088,226908,164658,109057,60336,54964
"GAU",2017,1086228,4599,25518,154474,20339,37041,136579,100654,267457,53066,188156,98345,60988,633409,611101,503494,482075,666177,834633,801787,639886,529925,418534,334521,273006,207734,146286,89043,46919,26314,617273,596968,494909,487273,663651,829745,760944,599573,475211,392089,343589,294201,235165,172878,115978,65383,56733
"GAU",2018,1098566,4439,22522,156319,20574,36679,137676,102522,273099,53807,191099,99831,60839,639136,620455,534449,500406,661096,832304,826281,669685,539542,438873,340640,280373,215194,153038,94632,49544,27884,623175,605488,527570,502217,663339,825659,793012,628862,490625,402083,348873,300634,244052,180822,122819,69903,58606
"GAU",2019,1104684,4346,20487,155201,20065,35433,137996,102451,280202,54472,194547,99486,59265,646704,625578,560699,513427,666410,830800,851972,699448,549909,458148,348006,287064,222590,159521,100605,52244,29477,631382,609549,554552,514346,669194,826453,822418,658453,507925,412888,354634,306248,251579,189530,129565,74290,60507
"MPU",2002,164088,5660,45587,19874,8512,3156,21343,7724,14798,5826,16922,14688,30470,201203,209986,225067,208994,157842,131246,112430,100539,84057,71842,55733,39820,31632,21179,16351,10690,8578,200017,209815,223617,205469,162707,146208,131856,121562,98127,84433,65707,47576,38641,31080,26836,18649,18028
"MPU",2003,168515,5587,47032,19711,8877,3301,21036,8518,15461,6135,17860,14997,30376,200768,206077,222877,213857,169359,134705,116919,100719,86476,72538,58019,41262,31713,22241,15629,11535,8810,199256,206242,221773,210643,169967,146435,134264,122489,101672,85328,68435,49804,38647,31952,26149,20229,18831
"MPU",2004,175148,5661,48274,20657,9367,3492,22072,8875,16810,6231,18118,15593,31793,201476,203826,219636,218578,179874,139344,121329,101061,88744,73019,60116,42911,31817,23424,15020,12035,9009,199448,204252,218995,215703,177309,146819,136886,122995,105335,85611,71361,52071,38901,32879,25636,21293,19542
"MPU",2005,182850,5408,49842,22026,9586,3880,23197,9302,18138,6381,18670,16420,31104,203313,202039,216543,222389,188164,145924,125866,102065,90568,73725,61837,44722,32163,24306,14882,12035,9263,200660,202623,216489,219696,184118,148491,139404,123411,108844,86358,73851,54459,39614,33516,25529,21717,20171
"MPU",2006,190417,4803,49940,23517,10027,4273,24684,9804,19936,6786,19319,17328,32258,206187,200285,214207,222777,195849,154883,129741,104628,91868,74925,63083,46712,32910,24757,15196,11499,9603,202823,200913,214781,220513,190895,152415,141760,124158,111641,87965,75715,56892,40930,33755,25811,21420,20789
"MPU",2007,198088,4879,49936,24870,10352,4988,26007,10456,21188,7142,20132,18138,33470,211708,198708,210704,221163,204612,163855,133338,108139,92613,76432,63950,48897,33936,25088,15899,11015,10133,207649,199095,211451,219105,197190,158605,143266,125344,113064,90836,76974,59447,42718,33809,26486,20653,22046
"MPU",2008,200580,5921,47430,25693,10100,5541,26490,10872,21487,7378,21122,18546,32815,218767,198021,206966,218524,211198,174546,137634,112386,92971,78561,64646,50959,35247,25307,16742,10580,10651,214306,198002,207909,216915,202825,165839,143873,128051,114068,94279,78066,62074,44748,33874,27397,20060,23265
"MPU",2009,197775,5988,45304,23833,10214,6046,26642,10903,21850,7171,21598,18226,30494,224445,198829,204666,215277,216100,185667,142828,117071,93691,80784,65305,52925,36718,25575,17563,10256,11143,219874,198178,205878,214151,207521,173400,145243,131285,115075,98015,78797,64991,46847,34205,28163,19817,24412
"MPU",2010,202902,5908,46971,25295,10261,6139,27271,11036,21995,7155,21931,18939,32470,229588,201223,202725,212770,218655,195737,149080,122063,95089,82716,66196,54697,38450,26158,18271,10301,11665,224911,199821,204073,212089,210495,180117,147662,134449,116310,101687,80005,67628,49178,35029,28673,20105,25615
"MPU",2011,207405,5797,47130,25719,10454,6152,27947,11350,22864,7241,22882,19869,33017,233340,205116,200775,211079,217294,205390,158016,126707,98113,84407,67621,56094,40343,27000,18687,10679,12177,228762,203100,202159,210905,210205,186637,152240,137549,118035,104820,82021,69739,51602,36341,28825,20860,26836
"MPU",2012,211751,5791,47914,26102,10489,6266,28864,11600,23579,7403,23482,20263,33260,235259,211542,198478,207270,217894,212788,167904,130632,102201,85642,69325,57064,42334,27943,18968,11174,12305,230625,209050,199433,207365,210354,192971,158257,140289,120248,106944,85210,71298,54155,38040,28722,21608,27436
"MPU",2013,216009,6164,49404,26398,10470,6517,29321,11857,23754,7590,24163,20370,32562,235810,218943,197353,203031,217166,218580,179335,135031,106792,86466,71491,57868,44231,29125,19275,11713,12447,231158,216287,197759,203537,209379,199026,165222,141527,123603,108549,88846,72710,56834,40030,28843,22429,28128
"MPU",2014,222299,6539,51867,27363,10396,6685,29605,12246,24322,7626,24963,20685,34431,235169,224926,198147,200613,214286,224172,190545,140264,111455,87469,73648,58581,45999,30432,19658,12249,12576,230289,222283,197958,201443,206904,204244,172815,143041,127235,109975,92641,73671,59724,42040,29299,23045,28813
"MPU",2015,221868,6554,50298,27207,10170,6749,30013,12430,25079,7663,25157,20548,33211,233246,230112,201020,198847,210402,228728,200391,147178,116471,89058,75588,59533,47503,31850,20165,12690,12778,228463,227326,200312,199814,204124,207804,180375,145668,130711,111374,96309,75001,62265,44165,30154,23378,29552
"MPU",2016,222091,6067,50242,27341,10006,6813,30376,12533,25571,7778,25261,20101,32506,231648,233254,205707,197371,206691,229542,210001,156547,121040,91976,77170,60879,48666,33392,20852,12987,13056,226912,230373,204659,198378,201808,208001,187919,150495,134130,113203,99436,77054,64315,46406,31434,23388,30359
"MPU",2017,226288,7261,52451,27324,10031,6772,30444,12666,25918,7864,25308,20248,32706,231918,234712,212075,194570,204919,228881,218730,166492,125343,96012,78448,62462,49628,35077,21610,13412,13419,227500,231414,210525,195256,199809,208852,194366,156842,136703,115519,101586,80166,65903,48817,32943,23579,31122
"MPU",2018,227648,7090,52699,27484,10116,6766,30562,12819,26209,7904,25579,20420,32849,233485,235261,219571,192756,202259,227203,225660,177915,130070,100493,79365,64407,50407,36694,22495,13771,13810,229111,231664,217853,193066,196967,208467,200542,164216,138115,118908,103221,83590,67256,51283,34516,23966,31943
"MPU",2019,226741,6583,52362,27314,9900,6556,30412,12687,26649,7969,25900,20409,32480,235459,234815,225726,193457,199715,224775,231703,189463,135504,105043,80460,66384,51077,38232,23525,14077,14212,231177,230987,224004,193178,194788,206550,206382,171911,139761,122378,104665,87153,68176,53960,36180,24528,32780
"LIM",2002,165606,3720,53698,4538,4068,4414,21827,6668,18194,5987,27254,15239,11854,297726,355276,382850,336231,219501,152541,124893,108861,91377,80169,67613,51104,44373,34020,27498,17731,15089,295362,352900,381853,332566,242719,202600,175157,167290,142101,124670,102355,76445,65924,62316,58421,39980,42820
"LIM",2003,168993,3796,55182,4468,4770,3854,21320,6961,19230,6312,27582,15518,12646,291964,342100,380527,339951,233819,156989,129151,109639,93510,80297,68906,52482,43529,34662,26504,18666,15502,288616,339350,378275,337788,249541,202811,178888,165955,145512,125711,105265,79854,64846,61781,56947,42806,43474
"LIM",2004,174073,3800,56068,4692,5080,4014,22412,7134,20197,6413,27954,16308,13293,291315,329487,375939,347851,244158,161971,132894,110715,95517,80339,69870,54136,42732,35459,25532,19276,15858,286317,326805,372273,346426,254264,201548,183597,164184,148712,125840,108309,83383,64417,61311,55520,44899,43911
"LIM",2005,180986,4689,55594,4894,5347,4482,23969,7299,21955,6664,29101,16993,13795,295028,316730,369928,358214,250264,168174,136525,112210,97206,80660,70536,55798,42333,35859,25051,19350,16309,287881,314374,365215,356068,257546,200268,187981,162882,151419,126300,110854,86919,64915,60572,54415,46070,44174
"LIM",2006,188807,4366,55667,5231,5600,5083,25735,7713,24424,7099,30078,17811,14980,301364,305206,363032,365052,257319,175637,139040,114776,98582,81491,70914,57382,42586,35684,25044,18843,16912,291783,303085,357809,361440,262674,200227,190938,162904,152984,127482,112752,90188,66538,59474,53621,46128,44421
"LIM",2007,196860,4521,56511,5573,5864,5789,26849,8226,25921,7491,31349,18766,16402,312301,296048,351516,358275,271492,186927,143138,118206,99713,82695,71100,59013,43310,35211,25405,18253,17530,300397,293181,345832,354640,273417,207089,192231,164407,153002,130357,114157,93486,69191,58366,53220,45034,46394
"LIM",2008,200230,5456,53908,5747,5717,6561,27418,8631,26618,7794,32921,19458,16341,324216,290680,338582,351530,282454,198457,148159,122169,100733,84538,71311,60259,44578,34585,25896,17696,18126,311141,286539,332718,347307,282927,213679,192016,168744,152212,133721,115490,96560,72482,57532,53079,44125,48287
"LIM",2009,197051,5476,51078,5102,5472,6908,27291,8433,27054,7608,33890,18739,16108,332573,290006,326115,347058,289586,209008,154092,126525,102220,86536,71619,61284,46095,34069,26339,17183,18678,319477,283985,320560,341431,289449,219342,192687,174111,151431,137270,116233,99919,75979,57322,52785,43505,50029
"LIM",2010,202196,5377,53529,5417,5701,6985,28281,8522,27274,7602,34478,19031,18079,338712,293271,313931,345986,291815,217732,160604,131315,104214,88414,72213,62183,47789,34086,26612,17081,19282,326146,285175,308634,338448,291429,223443,194343,179077,151401,140559,117354,102967,79698,58106,52315,43417,51889
"LIM",2011,207066,5310,52970,5497,5751,7025,29198,8759,28227,7716,36728,19887,18653,342033,298495,303716,345788,289118,225840,168772,135816,107619,90305,73361,62866,49420,34591,26471,17272,19869,330572,288926,298320,336519,288408,227241,197655,183369,152769,142939,119212,105437,83258,59906,51502,43643,53787
"LIM",2012,209175,5337,52215,5561,5759,7229,30095,8834,28785,7875,37440,20044,18352,346473,307021,294962,330043,293379,237155,179314,140013,112046,92101,74916,63370,50980,35403,26175,17644,20104,335153,296101,288489,321345,290842,236889,202161,186780,155838,143973,122614,107337,86770,62673,50530,44150,55226
"LIM",2013,214742,5594,55034,5578,5699,7506,30280,8932,29170,8066,38440,20443,18693,349003,317661,290700,312673,295070,245961,190801,145156,116736,93735,76936,63886,52241,36659,25871,18063,20364,337909,306099,282522,304802,290405,245856,207518,187878,161068,144092,126363,109130,90188,66135,49953,44788,56851
"LIM",2014,217096,5958,54396,5705,5687,7682,30652,9265,29778,8178,39273,20522,19755,349815,326988,290047,300387,291851,253247,201698,151414,121357,95665,79005,64417,53301,38075,25739,18401,20601,338608,315403,280014,292824,285528,252446,214139,188885,166893,144055,130116,110163,93806,69649,50112,44976,58461
"LIM",2015,221016,5982,56520,5635,5550,7754,31065,9567,30429,8218,39580,20717,19864,348751,335661,292448,293369,284420,257851,211138,159223,126468,98068,81041,65224,54181,39481,25917,18477,20959,337873,324120,280871,285170,277339,255160,221594,190791,172211,144479,133514,111441,96984,73165,51208,44578,60180
"LIM",2016,219983,5494,54797,5681,5430,7842,31378,9666,30886,8319,39948,20541,19650,348199,341451,297901,290335,275392,256901,220121,168982,131378,101623,82966,66434,54876,40849,26472,18229,21441,337552,330222,285337,280767,268044,251977,229224,195068,176912,146156,136022,113392,99570,76610,53263,43553,62040
"LIM",2017,224585,6608,57476,5696,5431,7821,31474,9752,31239,8399,39979,20711,19353,347852,344724,305951,277583,269821,259054,230271,178782,136177,106123,84840,67863,55383,42100,27183,18001,21673,337475,332766,292184,267821,261845,255030,235430,200513,180289,149138,137174,116709,101394,79982,55877,42812,63255
"LIM",2018,225862,6493,57573,5713,5470,7771,31621,9882,31634,8446,40386,20872,20617,344745,347341,317151,268585,260590,258832,238416,189849,141733,110809,86586,69687,55865,43124,28125,17965,21951,334383,334940,302531,257930,252129,255187,242182,206792,181683,154173,137395,120232,102994,83148,58768,42872,64588
"LIM",2019,225417,6042,57082,5673,5359,7539,31552,9747,32188,8506,40863,20866,20654,340626,349044,326621,267079,249874,255603,245229,201109,148071,115433,88615,71632,56346,44051,29147,18145,22246,330518,336445,311593,254592,241430,250862,249486,213356,182798,159655,137373,123746,103935,86532,61701,43738,65952
